shipment_timestamp,origin_hub,destination_type,shipping_mode,carrier,distance_km,package_weight_kg,weather_condition,traffic_level,carrier_rating,warehouse_processing_hours,dispatch_delay_hours,handling_time_hours,expected_delivery_hours,actual_delivery_hours,delivery_delay_hours,delay_required
2026-04-01 00:00:00,West,Rural,Air,Carrier-C,621.79,4.09,Cloudy,Medium,3.66,6.22,1.62,2.51,17.59,22.6,5.01,0
2026-04-01 03:00:00,East,Metro,Rail,Carrier-D,417.65,15.27,Clear,Low,,6.42,2.98,4.18,17.36,21.08,3.72,1
2026-04-01 06:00:00,West,Tier-2 City,Rail,Carrier-A,99.04,27.86,Clear,Medium,4.13,3.49,4.57,3.19,11.8,18.59,6.79,1
2026-04-01 09:00:00,South,Metro,Road,Carrier-D,549.61,22.95,Clear,Low,3.75,2.7,2.13,3.26,18.34,23.52,5.18,0
2026-04-01 12:00:00,North,Tier-2 City,Air,Carrier-C,800.54,6.22,Cloudy,Medium,3.6,2.2,0.48,2.01,18.04,18.89,0.85,0
2026-04-01 15:00:00,East,Metro,Road,Carrier-C,208.63,23.5,Rain,Low,3.38,4.97,1.67,2.53,14.57,22.38,7.81,1
2026-04-01 18:00:00,South,Industrial,Road,Carrier-D,686.08,1.0,Clear,Low,4.59,1.44,3.01,3.01,18.88,19.96,1.08,0
2026-04-01 21:00:00,South,Rural,Rail,Carrier-C,606.2,15.99,Clear,Medium,3.97,3.2,2.64,4.16,18.44,25.44,7.0,1
2026-04-02 00:00:00,South,Tier-2 City,Air,Carrier-B,715.04,28.24,Cloudy,Medium,4.02,3.73,3.26,4.02,18.93,25.08,6.15,1
2026-04-02 03:00:00,North,Tier-2 City,Road,Carrier-B,746.71,18.17,Cloudy,Medium,3.93,2.83,3.27,3.25,20.88,25.51,4.63,0
2026-04-02 06:00:00,North,Rural,Rail,Carrier-A,339.44,13.51,Cloudy,Medium,4.17,4.0,4.16,2.53,14.6,19.61,5.01,1
2026-04-02 09:00:00,North,Industrial,Road,Carrier-D,99.59,26.0,Cloudy,High,3.56,8.15,10.88,2.95,14.77,28.12,13.35,1
2026-04-02 12:00:00,North,Rural,Rail,Carrier-B,381.28,26.77,Rain,High,3.72,4.12,6.53,2.19,15.47,25.42,9.95,1
2026-04-02 15:00:00,South,Rural,Road,Carrier-B,751.17,29.79,Storm,High,3.84,3.65,5.7,1.7,21.1,30.01,8.91,1
2026-04-02 18:00:00,West,Rural,Air,Carrier-A,379.08,25.87,Clear,Medium,4.28,,3.37,1.87,14.25,18.86,4.61,1
2026-04-02 21:00:00,West,Rural,Rail,Carrier-C,339.55,27.73,Clear,Medium,3.66,3.94,6.08,2.86,15.09,20.84,5.75,1
2026-04-03 00:00:00,North,Rural,Air,Carrier-B,50.0,,Clear,Medium,4.12,5.74,4.13,2.51,10.33,13.69,3.36,0
2026-04-03 03:00:00,South,Rural,Rail,Carrier-B,975.69,20.39,Cloudy,Medium,3.56,3.83,2.14,1.48,22.83,26.63,3.8,1
2026-04-03 06:00:00,West,Metro,Air,Carrier-A,734.69,18.81,Clear,Medium,3.96,3.21,2.54,2.59,18.18,20.77,2.59,1
2026-04-03 09:00:00,West,Tier-2 City,Rail,Carrier-A,720.17,15.86,Storm,Medium,4.71,0.9,2.49,2.3,18.27,23.55,5.28,1
2026-04-03 12:00:00,North,Tier-2 City,Air,Carrier-C,771.61,7.09,Cloudy,Low,3.77,1.07,4.7,1.42,16.97,22.46,5.49,1
2026-04-03 15:00:00,South,Metro,Road,Carrier-D,669.94,9.4,Cloudy,Low,3.86,0.75,3.17,2.11,18.28,21.97,3.69,1
2026-04-03 18:00:00,South,Tier-2 City,Road,Carrier-A,456.47,15.46,Rain,High,4.16,4.87,1.75,2.29,17.52,27.15,9.63,1
2026-04-03 21:00:00,East,Industrial,Road,Carrier-D,477.42,20.17,Clear,Low,3.96,1.46,4.71,2.15,16.35,16.83,0.48,1
2026-04-04 00:00:00,East,Metro,Rail,Carrier-A,408.83,30.97,Rain,Medium,4.21,5.46,2.32,3.63,17.06,23.64,6.58,0
2026-04-04 03:00:00,West,Industrial,Road,Carrier-D,1205.03,17.62,Clear,Medium,4.17,3.63,3.95,1.07,26.58,32.67,6.09,1
2026-04-04 06:00:00,South,Metro,Road,Carrier-C,664.54,27.03,Cloudy,Low,,3.13,1.11,1.21,19.47,23.28,3.81,0
2026-04-04 09:00:00,North,Industrial,Air,Carrier-C,399.41,27.71,Storm,High,3.57,3.03,5.11,2.82,13.97,25.1,11.13,1
2026-04-04 12:00:00,North,Metro,Air,Carrier-C,641.03,15.92,Rain,Low,3.73,4.43,1.04,2.63,17.42,20.96,3.54,0
2026-04-04 15:00:00,South,Rural,Air,Carrier-C,257.17,23.35,Rain,High,2.91,3.09,4.6,3.04,12.05,21.35,9.3,1
2026-04-04 18:00:00,South,Metro,Air,Carrier-D,911.17,15.81,Clear,High,3.83,2.82,3.11,2.12,20.11,25.2,5.09,1
2026-04-04 21:00:00,North,Industrial,Road,Carrier-D,348.12,29.9,Rain,Low,4.43,5.28,0.85,2.13,16.62,20.93,4.31,0
2026-04-05 00:00:00,North,Tier-2 City,Air,Carrier-D,650.28,23.72,Cloudy,Low,4.14,4.03,1.77,2.72,17.62,17.97,0.35,1
2026-04-05 03:00:00,East,Rural,Rail,Carrier-B,797.15,7.29,Cloudy,Medium,2.26,3.23,5.11,2.01,19.99,30.21,10.22,1
2026-04-05 06:00:00,South,Rural,Rail,Carrier-A,620.04,19.45,Clear,Medium,4.44,4.54,3.25,3.87,19.22,24.8,5.58,1
2026-04-05 09:00:00,North,Metro,Road,Carrier-B,544.56,32.83,Clear,Low,4.47,3.51,1.62,2.67,18.71,20.66,1.95,0
2026-04-05 12:00:00,South,Tier-2 City,Air,Carrier-B,522.81,16.37,Cloudy,High,3.1,4.87,3.41,2.52,16.01,23.62,7.61,1
2026-04-05 15:00:00,West,Industrial,Rail,Carrier-D,505.33,22.03,Clear,Low,4.53,2.27,3.03,4.67,17.03,20.66,3.63,0
2026-04-05 18:00:00,South,Industrial,Rail,Carrier-D,370.06,22.91,Rain,High,3.03,7.41,1.69,2.55,16.81,27.01,10.2,1
2026-04-05 21:00:00,West,Rural,Air,Carrier-D,403.13,8.67,Rain,Low,4.33,2.63,4.9,2.84,13.3,24.57,11.27,1
2026-04-06 00:00:00,East,Metro,Road,Carrier-C,904.69,22.6,Storm,High,3.5,6.63,1.84,3.22,24.82,36.41,11.59,1
2026-04-06 03:00:00,West,Rural,Air,Carrier-D,491.78,5.46,Clear,Low,3.18,3.22,2.25,2.91,14.68,17.73,3.05,1
2026-04-06 06:00:00,North,Rural,Air,Carrier-C,315.69,12.37,Storm,Medium,3.66,4.79,2.5,2.71,13.17,21.09,7.92,1
2026-04-06 09:00:00,North,Industrial,Rail,Carrier-C,385.76,27.68,Clear,Medium,3.9,4.68,3.33,2.97,16.08,22.36,6.28,0
2026-04-06 12:00:00,East,Rural,Rail,Carrier-D,806.1,21.21,Cloudy,Low,4.13,5.22,0.41,2.75,21.67,23.22,1.55,0
2026-04-06 15:00:00,South,Rural,Rail,Carrier-C,695.66,15.26,Rain,High,3.7,3.04,2.8,2.08,18.81,23.62,4.81,1
2026-04-06 18:00:00,West,Rural,Rail,Carrier-C,665.69,,Clear,Low,3.36,5.11,1.34,2.95,19.84,23.66,3.82,0
2026-04-06 21:00:00,West,Industrial,Road,Carrier-A,453.04,17.46,Clear,Medium,3.55,6.35,1.15,4.21,18.87,25.01,6.14,1
2026-04-07 00:00:00,East,Tier-2 City,Air,Carrier-B,669.07,18.11,Clear,Medium,4.04,3.19,2.18,3.57,17.62,19.3,1.68,1
2026-04-07 03:00:00,West,Tier-2 City,Rail,Carrier-A,352.67,23.91,Cloudy,Medium,4.81,3.63,1.98,2.97,15.06,17.92,2.86,0
2026-04-07 06:00:00,West,Metro,Road,Carrier-B,452.5,11.45,Rain,Low,4.2,2.71,1.77,3.14,16.68,21.25,4.57,0
2026-04-07 09:00:00,South,Industrial,Rail,Carrier-C,772.15,18.36,Clear,Low,2.8,2.98,0.91,1.91,19.83,23.54,3.71,1
2026-04-07 12:00:00,East,Rural,Rail,Carrier-A,747.31,15.19,Clear,Low,3.67,6.07,0.43,2.33,20.94,26.4,5.46,0
2026-04-07 15:00:00,East,Tier-2 City,Road,Carrier-B,264.7,3.73,Cloudy,Medium,3.5,2.07,1.14,3.04,13.63,14.52,0.89,0
2026-04-07 18:00:00,West,Industrial,Air,Carrier-D,297.56,9.72,Clear,Low,3.44,2.09,1.59,3.61,11.95,18.63,6.68,1
2026-04-07 21:00:00,South,Rural,Rail,Carrier-A,548.26,32.11,Rain,High,4.22,6.72,6.92,2.3,19.05,27.28,8.23,1
2026-04-08 00:00:00,North,Metro,Rail,Carrier-A,968.79,21.46,Storm,Medium,4.34,4.52,5.1,2.29,23.36,29.33,5.97,1
2026-04-08 03:00:00,East,Metro,Rail,Carrier-B,50.0,6.09,Rain,Medium,3.3,6.76,1.89,4.08,12.31,18.33,6.02,1
2026-04-08 06:00:00,North,Metro,Air,Carrier-C,592.37,4.14,Rain,Medium,3.77,2.9,5.27,2.37,15.65,20.96,5.31,1
2026-04-08 09:00:00,East,Industrial,Air,Carrier-D,162.23,16.99,Cloudy,Low,4.21,3.69,6.76,4.04,11.22,17.92,6.7,1
2026-04-08 12:00:00,South,Tier-2 City,Road,Carrier-D,355.07,32.05,Rain,Medium,3.81,2.59,2.9,3.08,15.89,20.9,5.01,1
2026-04-08 15:00:00,South,Industrial,Air,Carrier-A,425.25,16.32,Clear,Low,4.14,3.71,2.15,2.76,14.27,17.01,2.74,0
2026-04-08 18:00:00,South,Rural,Air,Carrier-C,410.67,29.76,Clear,Medium,2.82,0.92,2.01,2.62,13.16,16.07,2.91,0
2026-04-08 21:00:00,East,Metro,Air,Carrier-B,381.21,21.17,Cloudy,Medium,3.68,4.61,1.67,3.42,14.46,19.66,5.2,1
2026-04-09 00:00:00,North,Tier-2 City,Air,Carrier-C,521.87,22.24,Clear,Medium,3.5,4.07,2.19,3.78,16.25,20.64,4.39,1
2026-04-09 03:00:00,East,Rural,Air,Carrier-B,380.83,5.98,Rain,High,3.86,4.21,4.19,1.5,13.17,22.64,9.47,1
2026-04-09 06:00:00,West,Industrial,Air,Carrier-C,139.76,26.44,Cloudy,Low,3.63,2.91,0.56,2.51,10.31,11.7,1.39,0
2026-04-09 09:00:00,North,Tier-2 City,Air,Carrier-C,722.77,14.99,Storm,Medium,,2.24,2.81,3.27,17.71,23.25,5.54,1
2026-04-09 12:00:00,South,Metro,Air,Carrier-A,715.75,25.77,Clear,Low,4.11,4.59,1.41,2.67,18.78,19.11,0.33,1
2026-04-09 15:00:00,West,Tier-2 City,Road,Carrier-B,739.23,10.67,Cloudy,Medium,3.9,1.82,6.08,2.04,19.7,26.39,6.69,1
2026-04-09 18:00:00,South,Industrial,Air,Carrier-D,119.41,19.59,Rain,Medium,4.35,4.35,3.35,3.44,10.81,14.39,3.58,1
2026-04-09 21:00:00,West,Tier-2 City,Rail,Carrier-B,597.72,21.17,Clear,Low,3.77,6.61,3.12,3.55,19.79,22.67,2.88,1
2026-04-10 00:00:00,West,Tier-2 City,Rail,Carrier-C,695.75,16.61,Cloudy,Medium,3.61,5.81,1.98,2.21,20.14,26.38,6.24,0
2026-04-10 03:00:00,West,Metro,Air,Carrier-A,251.89,21.64,Cloudy,,4.13,1.32,1.64,2.85,11.07,11.07,0.0,0
2026-04-10 06:00:00,West,Industrial,Air,Carrier-C,522.39,15.6,Storm,Low,3.27,2.69,3.14,1.58,14.68,23.46,8.78,1
2026-04-10 09:00:00,East,Rural,Road,Carrier-A,489.77,12.16,Rain,High,4.38,4.93,2.04,1.75,17.71,24.41,6.7,1
2026-04-10 12:00:00,East,Rural,Air,Carrier-C,998.96,32.45,Clear,Medium,3.31,3.47,1.02,3.02,22.37,26.99,4.62,1
2026-04-10 15:00:00,North,Rural,Air,Carrier-A,1020.37,27.44,Cloudy,High,4.34,2.2,1.9,2.83,21.87,26.05,4.18,1
2026-04-10 18:00:00,West,Rural,Road,Carrier-D,87.27,11.15,Cloudy,Medium,4.01,4.16,4.47,1.67,11.94,18.62,6.68,0
2026-04-10 21:00:00,West,Rural,Road,Carrier-B,1168.42,23.12,Clear,High,3.69,4.28,1.58,2.14,26.92,33.12,6.2,1
2026-04-11 00:00:00,West,Tier-2 City,Air,Carrier-C,282.04,11.32,Clear,Low,3.39,6.37,1.12,1.6,13.01,15.01,2.0,1
2026-04-11 03:00:00,North,Tier-2 City,Road,Carrier-B,774.98,7.34,Clear,Medium,3.62,3.2,0.93,2.73,20.94,24.96,4.02,0
2026-04-11 06:00:00,East,Industrial,Air,Carrier-B,772.33,27.3,Clear,High,3.22,6.05,4.26,1.23,19.73,25.43,5.7,1
2026-04-11 09:00:00,West,Metro,Rail,Carrier-C,261.12,2.66,Cloudy,Medium,3.63,1.68,3.3,1.45,11.82,13.24,1.42,1
2026-04-11 12:00:00,West,Rural,Rail,Carrier-B,648.25,26.34,Clear,Medium,3.88,2.04,1.42,1.3,17.77,18.76,0.99,0
2026-04-11 15:00:00,South,Industrial,Rail,Carrier-D,492.04,15.73,Cloudy,High,4.3,5.38,5.62,2.88,17.44,26.92,9.48,1
2026-04-11 18:00:00,East,Metro,Road,Carrier-A,664.13,16.1,Clear,Medium,4.01,5.21,1.23,1.12,20.05,23.73,3.68,1
2026-04-11 21:00:00,South,Industrial,Air,Carrier-C,579.97,21.69,Rain,,4.16,2.14,2.08,2.71,15.76,22.19,6.43,1
2026-04-12 03:00:00,West,Metro,Road,Carrier-B,831.05,23.23,Clear,Medium,3.67,3.62,2.46,4.03,22.78,26.52,3.74,1
2026-04-12 06:00:00,West,Tier-2 City,Road,Carrier-D,539.6,10.56,Rain,High,3.69,2.23,1.71,3.77,17.82,24.9,7.08,1
2026-04-12 09:00:00,North,Rural,Air,Carrier-A,476.35,24.46,Clear,High,3.85,4.03,0.93,1.3,14.82,18.84,4.02,1
2026-04-12 12:00:00,South,Tier-2 City,Rail,Carrier-C,804.98,19.02,Cloudy,Medium,2.89,4.84,2.14,2.86,21.45,26.35,4.9,1
2026-04-12 15:00:00,North,Metro,Air,Carrier-B,670.9,6.7,Clear,Low,4.34,2.85,3.19,1.56,16.46,20.78,4.32,0
2026-04-12 18:00:00,South,Industrial,Rail,Carrier-D,710.27,16.47,Clear,Low,4.48,3.13,3.02,1.61,18.91,22.5,3.59,0
2026-04-12 21:00:00,North,Rural,Rail,Carrier-C,347.21,30.43,Cloudy,Medium,3.71,1.89,1.26,2.79,14.32,16.34,2.02,1
2026-04-13 00:00:00,West,Tier-2 City,Rail,Carrier-B,248.23,33.09,Rain,High,3.49,3.33,1.48,3.92,14.12,20.32,6.2,1
2026-04-13 03:00:00,North,Rural,Rail,Carrier-D,372.39,24.46,,Medium,4.63,6.22,1.37,3.22,16.59,21.51,4.92,1
2026-04-13 09:00:00,South,Tier-2 City,Road,Carrier-B,358.59,7.29,Clear,Low,3.68,3.61,1.41,1.79,15.24,17.29,2.05,0
2026-04-13 12:00:00,West,Industrial,Road,Carrier-B,724.41,22.42,Clear,Low,3.71,2.0,0.6,3.26,20.34,21.75,1.41,0
2026-04-13 15:00:00,South,Industrial,Air,Carrier-A,773.76,25.66,Rain,Medium,4.7,3.11,3.22,0.98,18.29,21.73,3.44,1
2026-04-13 18:00:00,East,Tier-2 City,Rail,Carrier-C,479.67,24.53,Cloudy,High,3.73,1.9,6.87,2.14,15.7,24.49,8.79,1
2026-04-13 21:00:00,West,Metro,Road,Carrier-A,892.04,25.06,Clear,Low,4.97,1.98,6.77,2.1,22.23,27.44,5.21,1
2026-04-14 00:00:00,East,Metro,Rail,Carrier-A,875.8,21.27,Rain,Medium,4.29,5.62,4.95,2.74,22.77,29.34,6.57,1
2026-04-14 03:00:00,East,Tier-2 City,Road,Carrier-C,583.28,17.35,Cloudy,High,3.36,4.09,3.41,2.42,18.96,26.03,7.07,1
2026-04-14 06:00:00,West,Metro,Road,Carrier-C,306.31,12.52,Cloudy,High,3.29,7.14,1.33,2.37,16.48,24.22,7.74,1
2026-04-14 09:00:00,West,Industrial,Rail,Carrier-C,929.6,1.0,Clear,Low,2.85,3.36,0.47,2.08,21.66,25.61,3.95,0
2026-04-14 12:00:00,East,Metro,Rail,Carrier-A,504.14,21.06,Clear,High,4.1,4.25,4.41,2.69,17.17,23.55,6.38,1
2026-04-14 15:00:00,East,Industrial,Air,Carrier-B,552.8,19.67,Clear,Medium,4.2,4.54,0.97,3.07,16.55,19.18,2.63,0
2026-04-14 18:00:00,South,Metro,Air,Carrier-A,431.7,23.02,Rain,High,4.41,0.5,1.7,2.83,13.13,19.24,6.11,1
2026-04-14 21:00:00,East,Tier-2 City,Air,Carrier-C,288.65,5.96,Clear,Low,3.51,3.81,2.09,2.11,11.97,11.97,0.0,0
2026-04-15 00:00:00,North,Rural,Rail,Carrier-D,138.15,23.81,Rain,Medium,3.65,3.51,6.79,3.05,12.17,21.72,9.55,1
2026-04-15 03:00:00,East,Industrial,Road,Carrier-C,684.55,36.49,Rain,Medium,3.58,5.81,5.83,3.67,22.07,28.15,6.08,1
2026-04-15 06:00:00,North,Rural,Air,Carrier-C,316.32,18.71,Rain,Medium,3.85,5.03,2.65,2.17,13.27,16.26,2.99,1
2026-04-15 12:00:00,East,Tier-2 City,Air,Carrier-C,1315.48,17.45,Clear,Medium,3.65,1.88,4.67,2.54,25.27,31.23,5.96,1
2026-04-15 15:00:00,North,Rural,Air,Carrier-B,237.62,20.78,Clear,Medium,3.86,5.44,3.21,3.59,12.97,21.87,8.9,1
2026-04-15 18:00:00,North,Metro,Air,Carrier-A,193.08,36.29,Cloudy,Medium,3.92,3.19,1.52,2.12,11.29,17.29,6.0,0
2026-04-15 21:00:00,South,Metro,Road,Carrier-B,652.64,8.79,Cloudy,Low,4.1,2.14,1.21,3.84,19.26,23.3,4.04,1
2026-04-16 00:00:00,South,Tier-2 City,Road,Carrier-A,917.62,19.83,Rain,,3.1,3.88,7.48,1.57,23.09,34.12,11.03,1
2026-04-16 03:00:00,South,Rural,Rail,Carrier-B,536.79,10.8,Clear,Low,3.93,3.2,3.0,2.16,16.66,17.07,0.41,0
2026-04-16 06:00:00,South,Tier-2 City,Road,Carrier-D,668.78,13.08,Rain,High,4.9,6.61,1.35,1.73,20.87,27.82,6.95,1
2026-04-16 09:00:00,East,Metro,Air,Carrier-B,50.0,17.55,Clear,High,3.27,4.81,1.29,4.34,10.35,14.97,4.62,1
2026-04-16 15:00:00,North,Rural,Air,Carrier-B,343.85,30.13,Clear,Low,3.72,3.81,8.08,2.47,13.52,19.6,6.08,1
2026-04-16 18:00:00,North,Rural,Rail,Carrier-C,240.86,34.21,Clear,Low,3.5,4.85,0.94,2.56,14.27,17.13,2.86,0
2026-04-16 21:00:00,East,Tier-2 City,Road,Carrier-C,50.0,22.03,Rain,Low,3.34,5.14,1.12,2.39,12.45,15.33,2.88,0
2026-04-17 00:00:00,South,Industrial,Road,Carrier-C,550.41,14.61,Clear,Medium,3.86,4.76,5.01,2.6,18.81,26.87,8.06,1
2026-04-17 03:00:00,South,Tier-2 City,Air,Carrier-C,50.0,40.43,Clear,High,3.67,6.43,0.93,2.84,11.21,12.77,1.56,1
2026-04-17 06:00:00,South,Tier-2 City,Air,Carrier-B,176.23,14.15,Rain,Medium,3.85,4.49,1.95,2.41,11.12,15.81,4.69,0
2026-04-17 09:00:00,West,Metro,Air,Carrier-B,380.33,12.86,Cloudy,Low,4.08,3.75,1.21,0.5,12.8,13.37,0.57,0
2026-04-17 12:00:00,North,Rural,Road,Carrier-A,303.87,2.03,Clear,Low,4.21,5.36,6.54,2.29,15.32,21.18,5.86,1
2026-04-17 15:00:00,South,Tier-2 City,Air,Carrier-B,623.07,30.56,Clear,Low,4.91,3.36,1.61,2.89,17.21,20.63,3.42,0
2026-04-17 18:00:00,South,Tier-2 City,Rail,Carrier-D,599.45,26.71,,High,4.05,4.35,1.55,3.62,18.98,22.95,3.97,1
2026-04-17 21:00:00,West,Rural,Air,Carrier-A,752.39,39.76,Clear,Medium,4.27,6.16,1.81,4.13,20.89,26.46,5.57,1
2026-04-18 00:00:00,West,Tier-2 City,Rail,Carrier-A,715.62,5.49,Clear,Medium,3.6,6.01,2.23,2.17,20.16,25.1,4.94,0
2026-04-18 03:00:00,West,Metro,Road,Carrier-A,816.61,31.12,Cloudy,Medium,4.01,3.57,1.44,3.54,22.62,26.01,3.39,1
2026-04-18 06:00:00,East,Industrial,Rail,Carrier-B,519.5,18.63,Clear,High,4.2,3.62,1.69,1.73,16.69,20.73,4.04,1
2026-04-18 09:00:00,West,Rural,Road,Carrier-B,598.9,25.25,Cloudy,Medium,3.33,5.77,2.09,3.38,20.49,26.17,5.68,1
2026-04-18 12:00:00,South,Rural,Rail,Carrier-C,652.99,3.17,Clear,High,2.74,5.5,1.88,1.81,18.91,24.85,5.94,1
2026-04-18 15:00:00,South,Industrial,Rail,Carrier-A,556.83,31.21,Clear,High,4.21,4.77,2.76,1.95,18.15,24.26,6.11,1
2026-04-18 18:00:00,West,Metro,Rail,Carrier-C,416.73,25.08,Clear,Medium,3.98,3.1,1.73,2.61,15.58,18.53,2.95,0
2026-04-18 21:00:00,South,Tier-2 City,Air,Carrier-A,433.56,17.65,Clear,High,4.21,4.8,6.61,3.71,15.24,23.44,8.2,1
2026-04-19 00:00:00,West,Metro,Air,Carrier-C,307.43,23.81,Clear,Low,3.38,3.47,2.22,2.87,12.85,19.03,6.18,1
2026-04-19 03:00:00,East,Tier-2 City,Road,Carrier-C,629.62,11.11,Clear,Medium,2.85,2.58,2.13,3.64,19.15,25.34,6.19,1
2026-04-19 06:00:00,South,Tier-2 City,Road,Carrier-C,495.56,12.79,Rain,Low,3.66,3.69,2.02,1.89,17.29,20.67,3.38,1
2026-04-19 09:00:00,South,Rural,Road,Carrier-B,347.57,13.83,Rain,Medium,4.03,3.98,2.11,3.35,15.99,21.26,5.27,0
2026-04-19 12:00:00,East,Rural,Rail,Carrier-C,347.82,1.33,Clear,Low,2.88,2.94,0.6,1.71,13.59,14.43,0.84,0
2026-04-19 15:00:00,South,Tier-2 City,Air,Carrier-C,205.3,25.76,Cloudy,Low,3.9,4.86,3.74,2.95,12.19,16.09,3.9,0
2026-04-19 18:00:00,North,Industrial,Rail,Carrier-A,774.5,28.72,Cloudy,Low,4.47,5.43,5.33,3.01,21.65,28.0,6.35,1
2026-04-19 21:00:00,North,Rural,Rail,Carrier-C,540.44,11.69,Rain,Medium,3.9,5.03,1.88,2.99,17.85,21.1,3.25,1
2026-04-20 00:00:00,South,Metro,Road,Carrier-B,295.67,21.13,Clear,Medium,,3.17,4.71,2.87,14.98,21.19,6.21,1
2026-04-20 03:00:00,North,Industrial,Road,Carrier-B,730.22,15.61,Clear,Medium,4.03,4.71,9.83,1.96,20.99,30.43,9.44,1
2026-04-20 06:00:00,East,Metro,Rail,Carrier-D,374.28,20.95,Clear,Medium,4.18,3.7,7.54,3.37,15.43,22.91,7.48,1
2026-04-20 09:00:00,South,Tier-2 City,Rail,Carrier-C,154.31,12.35,Clear,High,3.8,2.45,5.64,3.86,11.86,18.31,6.45,1
2026-04-20 12:00:00,East,Metro,Air,Carrier-A,785.52,10.05,Clear,High,3.56,5.31,1.28,1.96,19.33,30.19,10.86,1
2026-04-20 15:00:00,West,Industrial,Air,Carrier-D,380.35,27.47,Rain,Low,3.47,3.72,1.05,1.34,13.5,15.63,2.13,0
2026-04-20 18:00:00,West,Metro,Rail,Carrier-C,413.69,,Rain,Medium,3.24,7.47,3.84,2.99,17.42,22.06,4.64,1
2026-04-20 21:00:00,North,Metro,Rail,Carrier-C,530.71,36.2,Clear,Medium,3.45,5.77,2.24,2.74,18.66,21.24,2.58,0
2026-04-21 00:00:00,West,Metro,Rail,Carrier-D,817.07,18.42,Cloudy,Medium,4.14,4.65,0.56,2.5,21.39,26.61,5.22,1
2026-04-21 03:00:00,East,Rural,Air,Carrier-A,525.21,9.67,Clear,Medium,4.31,3.95,1.64,2.86,15.56,21.67,6.11,1
2026-04-21 06:00:00,South,Metro,Road,Carrier-C,208.23,29.04,Cloudy,Medium,3.89,3.83,3.48,2.48,14.2,17.97,3.77,0
2026-04-21 09:00:00,South,Industrial,Air,Carrier-B,661.41,23.68,Cloudy,Low,4.2,1.99,1.87,2.51,16.77,21.92,5.15,0
2026-04-21 12:00:00,East,Metro,Air,Carrier-B,393.9,24.54,Clear,Medium,3.49,0.97,2.25,2.67,12.82,17.66,4.84,0
2026-04-21 15:00:00,South,Metro,Air,Carrier-A,1010.86,28.72,Rain,Medium,4.28,2.27,1.29,4.01,22.23,26.99,4.76,1
2026-04-21 18:00:00,West,Industrial,Road,Carrier-C,519.71,12.12,Storm,Medium,3.2,3.51,2.5,2.49,17.73,24.65,6.92,1
2026-04-21 21:00:00,East,Tier-2 City,Rail,Carrier-D,50.0,16.85,Cloudy,High,3.93,1.14,3.96,1.59,9.22,14.89,5.67,1
2026-04-22 00:00:00,West,Industrial,Road,Carrier-A,612.91,16.46,Cloudy,Low,4.31,2.68,1.45,1.61,18.41,22.46,4.05,0
2026-04-22 03:00:00,North,Metro,Rail,Carrier-B,1025.6,6.38,Cloudy,Low,2.61,3.13,4.86,2.45,23.12,31.56,8.44,1
2026-04-22 06:00:00,West,Metro,Road,Carrier-B,929.74,15.63,Clear,Low,4.64,3.18,2.05,1.64,22.85,25.03,2.18,1
2026-04-22 09:00:00,West,Metro,Air,Carrier-B,996.05,30.03,Clear,Low,4.0,2.51,2.78,1.62,21.33,24.8,3.47,0
2026-04-22 12:00:00,North,Tier-2 City,Road,Carrier-C,254.86,20.14,Cloudy,Low,3.29,2.99,3.31,3.16,14.42,22.38,7.96,1
2026-04-22 15:00:00,South,Metro,Air,Carrier-C,757.16,5.89,Clear,Medium,4.17,6.17,3.33,2.88,19.55,26.11,6.56,1
2026-04-22 18:00:00,North,Industrial,Road,Carrier-B,332.28,4.0,Rain,Medium,3.68,4.57,1.42,1.99,15.3,21.27,5.97,0
2026-04-22 21:00:00,North,Rural,Air,Carrier-D,578.32,32.98,Clear,Medium,4.05,2.74,1.19,3.17,16.49,20.71,4.22,0
2026-04-23 00:00:00,East,Tier-2 City,Rail,Carrier-A,189.03,,Clear,Medium,4.03,3.48,0.43,2.73,12.53,15.24,2.71,0
2026-04-23 03:00:00,East,Industrial,Air,Carrier-B,352.44,12.17,Clear,Low,4.38,3.46,1.52,2.95,13.14,15.78,2.64,0
2026-04-23 06:00:00,North,Metro,Rail,Carrier-D,344.18,15.53,Storm,Medium,3.96,2.43,2.0,3.03,14.19,21.41,7.22,1
2026-04-23 09:00:00,West,Industrial,Road,Carrier-C,753.62,4.7,Clear,Low,3.55,2.35,1.29,0.5,19.41,22.93,3.52,0
2026-04-23 12:00:00,East,Tier-2 City,Rail,Carrier-B,728.19,30.81,Clear,High,4.22,5.82,2.26,2.69,21.15,28.08,6.93,1
2026-04-23 15:00:00,North,Metro,Rail,Carrier-D,591.97,14.46,Clear,Low,4.2,2.87,2.27,2.94,17.63,19.66,2.03,0
2026-04-23 18:00:00,West,Industrial,Rail,Carrier-D,168.89,30.31,Cloudy,Medium,3.98,1.94,2.13,2.55,11.88,15.84,3.96,0
2026-04-23 21:00:00,West,Rural,Rail,Carrier-D,438.97,18.46,Storm,High,4.39,4.24,3.22,2.64,16.21,24.64,8.43,1
2026-04-24 00:00:00,South,Tier-2 City,Rail,Carrier-C,326.01,30.87,Clear,Medium,4.39,3.76,2.85,3.49,15.14,19.15,4.01,1
2026-04-24 03:00:00,South,Rural,Air,Carrier-A,746.12,20.31,Rain,Medium,,,2.55,2.72,17.26,26.62,9.36,0
2026-04-24 06:00:00,South,Rural,Rail,Carrier-D,826.33,25.68,Clear,Medium,4.04,3.52,4.06,3.98,21.73,25.38,3.65,1
2026-04-24 09:00:00,South,Tier-2 City,Road,Carrier-A,794.66,24.47,Cloudy,Low,4.26,4.8,2.07,3.65,22.73,28.81,6.08,0
2026-04-24 12:00:00,North,Industrial,Road,Carrier-D,323.64,23.61,Clear,Medium,4.46,4.26,5.97,2.63,15.83,21.17,5.34,1
2026-04-24 15:00:00,East,Industrial,Rail,Carrier-D,50.0,21.13,Cloudy,High,3.79,7.64,1.5,2.51,12.59,18.53,5.94,1
2026-04-24 18:00:00,South,Metro,Air,Carrier-B,60.59,15.9,Cloudy,High,3.7,6.18,2.23,0.5,9.72,19.54,9.82,1
2026-04-24 21:00:00,North,Tier-2 City,Air,Carrier-C,889.62,35.24,Cloudy,Medium,2.96,5.75,1.47,2.72,21.91,26.55,4.64,1
2026-04-25 00:00:00,South,Tier-2 City,Road,Carrier-B,415.67,,Clear,Medium,3.39,7.78,2.58,1.34,17.79,22.28,4.49,1
2026-04-25 03:00:00,North,Metro,Air,Carrier-A,324.81,18.04,Rain,High,4.02,5.44,1.75,2.78,13.77,20.1,6.33,1
2026-04-25 06:00:00,North,Metro,Rail,Carrier-D,947.09,18.13,Storm,Medium,3.98,3.82,1.58,2.73,22.82,28.02,5.2,1
2026-04-25 09:00:00,West,Metro,Rail,Carrier-A,848.94,21.62,Cloudy,,4.82,4.96,1.05,3.24,22.3,27.52,5.22,0
2026-04-25 12:00:00,North,Industrial,Air,Carrier-A,526.36,14.13,Cloudy,Low,4.39,2.66,0.63,3.63,15.39,16.79,1.4,0
2026-04-25 15:00:00,North,Tier-2 City,Road,Carrier-C,443.72,20.83,Rain,Low,3.18,3.66,2.05,2.64,17.08,23.02,5.94,1
2026-04-25 18:00:00,South,Industrial,Air,Carrier-A,485.65,16.48,Clear,Medium,3.95,2.61,2.5,4.39,15.16,17.3,2.14,0
2026-04-25 21:00:00,West,Industrial,Rail,Carrier-B,579.06,3.76,Rain,Low,4.28,4.1,0.76,2.47,17.54,17.75,0.21,0
2026-04-26 00:00:00,West,Metro,Air,Carrier-D,936.01,18.09,Clear,Low,4.39,2.52,1.42,1.55,20.18,22.44,2.26,0
2026-04-26 03:00:00,South,Rural,Rail,Carrier-A,629.84,8.09,Rain,Low,4.21,2.47,4.57,1.93,17.42,20.35,2.93,1
2026-04-26 06:00:00,West,Industrial,Air,Carrier-D,708.77,2.39,Clear,High,3.85,4.92,5.69,1.95,17.92,29.07,11.15,1
2026-04-26 09:00:00,North,Industrial,Road,Carrier-A,824.01,19.23,Clear,Low,4.59,3.29,3.43,3.1,22.1,24.1,2.0,1
2026-04-26 12:00:00,North,Rural,Road,Carrier-C,215.88,22.39,Cloudy,Low,3.15,0.61,0.23,1.94,12.47,12.47,0.0,0
2026-04-26 15:00:00,West,Rural,Air,Carrier-C,716.26,22.74,Cloudy,Medium,3.64,1.4,2.47,2.47,17.19,22.33,5.14,1
2026-04-26 18:00:00,South,Rural,Air,Carrier-A,443.41,23.1,Rain,Low,5.0,1.78,4.92,2.58,13.78,18.31,4.53,1
2026-04-26 21:00:00,North,Industrial,Rail,Carrier-C,50.0,1.0,Storm,High,3.57,2.98,2.77,1.86,9.69,14.47,4.78,1
2026-04-27 00:00:00,East,Tier-2 City,Air,Carrier-C,50.0,5.75,Clear,High,3.23,4.92,1.21,2.98,9.59,18.31,8.72,0
2026-04-27 03:00:00,East,Rural,Air,Carrier-B,255.29,35.76,Clear,Medium,3.94,3.91,4.55,3.51,12.91,16.96,4.05,1
2026-04-27 06:00:00,West,Tier-2 City,Air,Carrier-A,658.12,8.58,Clear,Medium,4.04,5.18,5.01,3.32,18.01,24.73,6.72,1
2026-04-27 09:00:00,North,Rural,Air,Carrier-B,549.59,23.5,Cloudy,Medium,3.31,4.71,2.29,2.46,16.48,21.62,5.14,1
2026-04-27 12:00:00,South,Tier-2 City,Air,Carrier-D,567.94,11.82,Cloudy,Low,4.25,5.11,0.74,3.42,16.91,21.26,4.35,0
2026-04-27 15:00:00,East,Metro,Air,Carrier-B,1027.25,18.72,,Low,4.19,4.41,0.71,1.52,22.25,26.83,4.58,1
2026-04-27 18:00:00,South,Industrial,Air,Carrier-A,190.04,12.3,,Low,4.09,3.81,2.9,1.36,10.58,13.1,2.52,1
2026-04-27 21:00:00,West,Rural,Air,Carrier-C,512.87,23.05,Clear,Low,3.37,5.15,1.12,1.74,15.92,18.58,2.66,1
2026-04-28 00:00:00,West,Rural,Rail,Carrier-C,599.15,19.23,Cloudy,Medium,3.16,4.96,2.19,2.63,18.69,24.13,5.44,1
2026-04-28 03:00:00,East,Industrial,Rail,Carrier-A,328.57,13.97,Cloudy,Low,4.15,4.06,1.8,3.47,14.82,19.36,4.54,0
2026-04-28 06:00:00,South,Tier-2 City,Road,Carrier-D,527.36,8.55,Cloudy,Low,3.8,5.41,1.01,1.91,18.38,19.38,1.0,0
2026-04-28 09:00:00,South,Metro,Road,Carrier-B,104.01,20.41,Clear,Medium,3.45,0.5,0.55,2.27,10.99,16.11,5.12,0
2026-04-28 12:00:00,South,Industrial,Air,Carrier-A,886.58,7.09,Clear,Medium,4.86,3.14,1.57,2.18,19.7,22.34,2.64,1
2026-04-28 15:00:00,West,Metro,Air,Carrier-C,342.78,21.85,Clear,Low,3.66,3.04,2.17,3.14,13.16,16.19,3.03,1
2026-04-28 18:00:00,South,Metro,Air,Carrier-D,1048.16,41.64,Clear,Low,4.2,5.23,2.25,2.74,23.98,26.56,2.58,1
2026-04-28 21:00:00,East,Industrial,Rail,Carrier-D,511.56,30.15,Rain,Low,4.31,5.86,1.43,2.44,18.17,20.16,1.99,1
2026-04-29 00:00:00,East,Tier-2 City,Air,Carrier-B,787.29,24.47,Clear,Low,4.07,1.32,4.7,1.67,17.88,20.94,3.06,0
2026-04-29 03:00:00,North,Metro,Road,Carrier-B,506.14,17.23,Cloudy,High,3.66,6.42,1.4,2.13,18.87,23.29,4.42,1
2026-04-29 06:00:00,South,Rural,Air,Carrier-D,512.01,1.0,Cloudy,High,4.1,2.54,4.68,3.16,14.61,21.33,6.72,1
2026-04-29 09:00:00,East,Metro,Rail,Carrier-C,368.15,6.1,Rain,Medium,3.41,1.87,2.73,2.41,13.77,17.31,3.54,1
2026-04-29 12:00:00,West,Metro,Air,Carrier-A,550.97,29.55,Clear,Medium,4.35,3.23,1.58,2.26,15.94,20.59,4.65,1
2026-04-29 15:00:00,South,Tier-2 City,Road,Carrier-B,602.68,10.89,Clear,Medium,3.92,3.1,3.02,3.43,18.94,22.49,3.55,1
2026-04-29 18:00:00,South,Rural,Road,Carrier-D,316.09,11.71,Clear,Medium,3.87,1.24,1.83,1.99,13.81,14.92,1.11,1
2026-04-29 21:00:00,West,Rural,Road,Carrier-B,487.49,16.51,Clear,Low,3.33,4.47,0.46,3.7,18.28,20.62,2.34,0
2026-04-30 00:00:00,East,Metro,Air,Carrier-B,361.37,8.44,Clear,Low,3.85,4.52,0.63,3.51,13.82,17.77,3.95,0
2026-04-30 03:00:00,East,Tier-2 City,Rail,Carrier-D,1117.91,6.96,Rain,Medium,3.93,5.16,2.12,2.4,25.27,31.97,6.7,1
2026-04-30 06:00:00,East,Industrial,Air,Carrier-A,496.67,17.55,Clear,Medium,3.54,2.93,1.43,1.39,14.43,17.59,3.16,0
2026-04-30 09:00:00,South,Rural,Rail,Carrier-B,921.76,9.98,Clear,Low,3.98,3.44,3.89,4.25,22.61,25.61,3.0,1
2026-04-30 12:00:00,North,Tier-2 City,Road,Carrier-C,469.14,11.33,Clear,Low,3.84,3.45,1.14,2.76,17.1,17.46,0.36,0
2026-04-30 15:00:00,West,Rural,Air,Carrier-A,587.41,10.97,Rain,Medium,5.0,6.11,1.69,2.18,17.16,20.42,3.26,0
2026-04-30 18:00:00,North,Tier-2 City,Road,Carrier-B,176.45,22.7,Rain,Low,3.66,0.5,1.33,3.47,12.44,17.11,4.67,0
2026-04-30 21:00:00,North,Metro,Rail,Carrier-C,403.76,15.91,Rain,Medium,3.31,2.14,1.49,3.12,14.89,20.51,5.62,0
2026-05-01 00:00:00,East,Metro,Rail,Carrier-D,574.74,16.39,Cloudy,Medium,3.61,3.59,1.27,3.61,18.01,20.85,2.84,1
2026-05-01 03:00:00,West,Rural,Rail,Carrier-B,932.36,23.37,Rain,Medium,3.87,1.95,1.15,2.19,21.74,25.09,3.35,1
2026-05-01 06:00:00,South,Metro,Road,Carrier-A,577.72,16.72,Cloudy,Low,4.27,3.11,2.31,2.83,18.57,20.75,2.18,0
2026-05-01 09:00:00,West,Tier-2 City,Rail,Carrier-D,879.77,,Clear,Low,3.72,3.31,1.7,1.6,21.22,22.85,1.63,0
2026-05-01 12:00:00,North,Rural,Road,Carrier-B,686.59,22.23,Cloudy,High,3.74,3.31,2.37,3.23,20.41,27.49,7.08,1
2026-05-01 15:00:00,South,Rural,Road,Carrier-A,943.12,24.01,Rain,Medium,3.51,3.68,0.97,2.72,23.87,28.63,4.76,1
2026-05-01 18:00:00,West,Rural,Road,Carrier-A,504.65,16.68,Clear,Low,4.52,4.44,2.6,2.8,18.18,25.48,7.3,0
2026-05-01 21:00:00,South,Tier-2 City,Air,Carrier-B,1141.46,18.73,Cloudy,Low,3.53,3.15,2.93,2.5,23.54,30.89,7.35,1
2026-05-02 00:00:00,West,Rural,Road,Carrier-B,393.8,10.96,Cloudy,High,3.79,3.62,6.26,2.24,15.98,26.74,10.76,1
2026-05-02 03:00:00,South,Tier-2 City,Road,Carrier-B,320.72,10.25,Cloudy,High,3.3,4.05,3.41,1.73,15.0,23.12,8.12,1
2026-05-02 06:00:00,North,Tier-2 City,Air,Carrier-A,205.39,24.92,Clear,High,4.0,4.29,6.93,3.39,12.07,20.25,8.18,1
2026-05-02 09:00:00,West,Tier-2 City,Air,Carrier-A,1126.07,22.0,Cloudy,Medium,4.1,0.97,1.4,3.88,22.94,28.22,5.28,1
2026-05-02 12:00:00,North,Industrial,Road,Carrier-B,733.06,22.1,Rain,Medium,3.8,4.27,6.36,2.25,21.11,29.14,8.03,1
2026-05-02 15:00:00,East,Industrial,Rail,Carrier-A,433.13,20.53,Clear,Medium,4.37,2.9,2.99,3.1,15.75,22.98,7.23,0
2026-05-02 18:00:00,South,Metro,Air,Carrier-D,844.75,18.42,Clear,Low,4.5,5.39,2.5,2.95,20.75,25.97,5.22,1
2026-05-02 21:00:00,East,Rural,Rail,Carrier-A,698.8,24.27,Clear,Medium,4.46,4.47,1.85,2.75,19.98,24.82,4.84,1
2026-05-03 00:00:00,East,Tier-2 City,Rail,Carrier-B,1031.19,26.42,Clear,Medium,4.14,5.34,1.58,1.57,24.45,29.33,4.88,1
2026-05-03 03:00:00,North,Tier-2 City,Rail,Carrier-D,117.56,26.2,Storm,Low,4.51,1.98,1.98,1.74,10.82,17.75,6.93,1
2026-05-03 06:00:00,North,Rural,Rail,Carrier-A,451.01,17.09,Cloudy,High,4.4,3.74,6.61,1.96,15.87,22.27,6.4,1
2026-05-03 09:00:00,South,Rural,Air,Carrier-B,399.74,30.48,Clear,Medium,3.79,1.72,1.81,1.17,12.88,18.7,5.82,0
2026-05-03 12:00:00,East,Tier-2 City,Road,Carrier-B,50.0,20.06,Clear,Low,4.15,2.44,2.79,3.77,11.66,14.19,2.53,1
2026-05-03 15:00:00,West,Metro,Road,Carrier-B,795.69,23.69,Storm,Medium,4.18,5.46,4.38,3.02,22.8,29.49,6.69,1
2026-05-03 18:00:00,West,Tier-2 City,Air,Carrier-B,449.7,20.54,Clear,High,,6.53,3.83,2.63,15.94,22.1,6.16,1
2026-05-03 21:00:00,South,Rural,Rail,Carrier-C,712.3,20.22,Rain,High,2.99,2.58,3.17,0.9,18.55,23.57,5.02,1
2026-05-04 00:00:00,West,Industrial,Road,Carrier-A,1133.54,11.38,Clear,Medium,3.91,2.89,5.91,0.99,25.09,33.39,8.3,1
2026-05-04 03:00:00,South,Tier-2 City,Air,Carrier-D,428.16,24.31,Clear,High,3.9,4.19,3.23,2.74,14.75,19.25,4.5,1
2026-05-04 06:00:00,East,Rural,Rail,Carrier-A,410.5,43.61,,High,4.47,5.18,1.8,4.75,17.71,24.3,6.59,1
2026-05-04 09:00:00,South,Industrial,Rail,Carrier-D,550.85,14.63,Clear,High,3.99,1.66,1.99,1.97,16.2,22.71,6.51,1
2026-05-04 12:00:00,West,Rural,Rail,Carrier-A,776.68,18.64,Cloudy,High,4.6,1.9,1.11,3.31,19.9,23.75,3.85,1
2026-05-04 15:00:00,East,Industrial,Rail,Carrier-A,372.65,13.98,Clear,Medium,4.66,4.31,2.62,2.13,15.05,18.86,3.81,1
2026-05-04 18:00:00,East,Metro,Air,Carrier-D,355.95,13.61,Rain,High,4.42,1.38,3.95,2.55,12.15,16.72,4.57,1
2026-05-04 21:00:00,West,Tier-2 City,Road,Carrier-D,794.87,31.9,Rain,Medium,4.42,2.91,3.78,3.88,22.18,28.3,6.12,1
2026-05-05 00:00:00,North,Tier-2 City,Road,Carrier-B,618.45,11.94,Rain,Medium,3.44,3.82,3.37,2.19,19.07,30.0,10.93,1
2026-05-05 03:00:00,South,Industrial,Rail,Carrier-C,50.0,13.73,Clear,,3.67,4.12,1.61,1.95,10.6,14.12,3.52,0
2026-05-05 06:00:00,East,Rural,Rail,Carrier-C,201.4,3.71,Rain,Medium,3.29,3.37,2.49,3.42,12.5,17.69,5.19,1
2026-05-05 09:00:00,South,Rural,Road,Carrier-D,910.32,11.18,Storm,High,,3.75,3.36,2.48,23.01,31.69,8.68,1
2026-05-05 12:00:00,North,Rural,Rail,Carrier-A,624.5,2.62,Clear,Medium,4.1,4.85,4.14,3.13,18.68,24.81,6.13,1
2026-05-05 15:00:00,West,Metro,Road,Carrier-B,321.83,23.69,,High,4.26,4.73,0.83,2.18,15.86,20.41,4.55,0
2026-05-05 18:00:00,North,Tier-2 City,Rail,Carrier-B,475.69,43.2,Rain,Medium,3.96,2.61,1.87,4.29,17.25,21.4,4.15,1
2026-05-05 21:00:00,West,Metro,Air,Carrier-B,523.44,14.7,Clear,Low,4.51,3.56,0.72,2.75,15.46,18.46,3.0,0
2026-05-06 00:00:00,West,Industrial,Road,Carrier-B,711.29,3.0,Cloudy,Low,3.86,4.07,7.44,2.61,20.32,26.57,6.25,1
2026-05-06 03:00:00,North,Tier-2 City,Road,Carrier-D,166.85,26.1,Rain,High,4.86,6.88,5.44,2.89,15.08,22.8,7.72,1
2026-05-06 06:00:00,West,Rural,Road,Carrier-B,301.35,11.46,Clear,Medium,3.86,4.76,1.54,2.05,15.2,19.29,4.09,0
2026-05-06 09:00:00,South,Rural,Road,Carrier-A,590.97,29.69,Cloudy,Medium,4.21,5.4,0.84,2.86,20.16,22.27,2.11,1
2026-05-06 12:00:00,South,Industrial,Road,Carrier-C,494.04,15.46,Cloudy,Medium,3.05,2.66,1.0,2.19,16.99,22.36,5.37,0
2026-05-06 15:00:00,East,Metro,Road,Carrier-C,668.68,12.31,Clear,Medium,3.89,2.79,4.1,3.24,19.66,25.29,5.63,0
2026-05-06 18:00:00,North,Metro,Air,Carrier-B,200.33,16.4,Rain,Medium,3.62,3.23,0.98,2.4,10.93,11.56,0.63,0
2026-05-06 21:00:00,North,Industrial,Road,Carrier-A,612.85,24.82,Clear,High,3.97,4.08,2.5,1.55,19.26,25.13,5.87,1
2026-05-07 00:00:00,East,Industrial,Air,Carrier-D,803.81,15.95,Clear,Medium,4.45,2.07,3.65,1.21,18.03,19.97,1.94,1
2026-05-07 03:00:00,East,Metro,Road,Carrier-C,646.57,13.53,Rain,High,3.91,6.2,1.54,1.12,20.19,27.89,7.7,1
2026-05-07 06:00:00,West,Tier-2 City,Air,Carrier-B,556.17,16.21,Clear,Medium,4.2,4.91,2.13,3.05,16.66,20.82,4.16,1
2026-05-07 09:00:00,East,Metro,Road,Carrier-C,495.07,6.55,Rain,High,3.37,,2.3,1.42,17.02,26.98,9.96,1
2026-05-07 12:00:00,South,Tier-2 City,Rail,Carrier-B,302.94,,Clear,Low,3.78,,1.18,2.92,14.69,18.95,4.26,0
2026-05-07 15:00:00,South,Rural,Rail,Carrier-D,501.28,1.92,Cloudy,Low,3.98,3.83,1.13,2.35,16.29,17.17,0.88,0
2026-05-07 18:00:00,West,Rural,Rail,Carrier-A,847.52,14.0,Clear,Low,4.47,4.58,3.62,2.46,21.62,23.2,1.58,1
2026-05-07 21:00:00,North,Industrial,Road,Carrier-C,489.05,24.83,Cloudy,Medium,4.04,1.56,5.52,3.1,17.02,22.1,5.08,1
2026-05-08 00:00:00,West,Industrial,Road,Carrier-D,288.65,20.73,Rain,Medium,4.13,3.36,2.12,2.79,14.93,17.47,2.54,0
2026-05-08 03:00:00,South,Rural,Road,Carrier-A,392.02,23.31,Rain,Medium,4.89,3.49,3.12,0.55,15.66,23.77,8.11,1
2026-05-08 06:00:00,East,Tier-2 City,Rail,Carrier-C,572.22,17.41,Storm,Medium,3.81,4.52,3.04,2.33,17.97,25.22,7.25,1
2026-05-08 09:00:00,North,Metro,Road,Carrier-D,422.89,28.53,Cloudy,Low,3.92,2.56,0.39,3.17,16.72,20.14,3.42,0
2026-05-08 12:00:00,North,Rural,Rail,Carrier-D,646.18,26.32,Rain,Medium,4.29,0.5,2.07,4.1,18.03,22.14,4.11,1
2026-05-08 15:00:00,West,Tier-2 City,Air,Carrier-A,655.94,22.02,Cloudy,High,4.8,2.68,0.93,4.04,17.49,22.28,4.79,1
2026-05-08 18:00:00,West,Rural,Road,Carrier-D,751.14,26.35,Rain,Low,4.7,3.41,1.6,1.69,20.89,24.61,3.72,0
2026-05-08 21:00:00,West,Industrial,Rail,Carrier-A,890.13,24.75,Cloudy,Low,4.62,3.6,1.97,2.47,22.06,27.81,5.75,1
2026-05-09 00:00:00,North,Rural,Rail,Carrier-A,778.92,14.04,Rain,Low,4.21,6.03,3.59,1.26,20.94,27.46,6.52,1
2026-05-09 03:00:00,North,Tier-2 City,Road,Carrier-A,277.1,5.9,Clear,Medium,4.12,4.45,2.57,3.55,15.11,17.79,2.68,1
2026-05-09 06:00:00,West,Rural,Road,Carrier-D,285.08,21.78,Cloudy,Low,4.2,3.62,3.82,3.49,15.28,22.63,7.35,1
2026-05-09 09:00:00,East,Rural,Rail,Carrier-D,500.3,22.91,Rain,Medium,4.59,3.53,1.47,2.99,16.96,21.02,4.06,1
2026-05-09 12:00:00,West,Rural,Road,Carrier-C,402.69,27.81,Clear,Medium,3.65,5.24,4.94,2.95,17.55,23.52,5.97,1
2026-05-09 15:00:00,West,Rural,Air,Carrier-D,224.04,9.57,Clear,Medium,4.16,2.69,5.4,3.52,11.2,12.37,1.17,1
2026-05-09 18:00:00,North,Industrial,Road,Carrier-C,405.16,9.84,Storm,Medium,3.52,3.37,1.3,3.39,16.39,23.5,7.11,1
2026-05-10 00:00:00,West,Metro,Air,Carrier-A,396.63,22.14,Clear,Low,4.09,1.87,0.34,3.62,13.53,15.03,1.5,0
2026-05-10 03:00:00,West,Metro,Rail,Carrier-B,345.32,17.36,Clear,High,3.74,6.43,2.41,2.95,16.03,22.53,6.5,1
2026-05-10 06:00:00,South,Industrial,Road,Carrier-A,437.89,1.03,Clear,Medium,4.25,4.17,1.39,1.94,16.42,19.09,2.67,1
2026-05-10 09:00:00,South,Tier-2 City,Air,Carrier-B,826.4,21.38,Clear,Medium,4.4,2.52,1.55,3.29,19.41,22.35,2.94,0
2026-05-10 12:00:00,South,Industrial,Road,Carrier-A,571.8,1.33,Cloudy,Low,4.12,3.33,2.44,2.88,18.17,21.3,3.13,0
2026-05-10 15:00:00,West,Rural,Air,Carrier-D,1162.67,9.49,Storm,Medium,4.02,4.34,4.92,2.26,24.02,34.33,10.31,1
2026-05-10 18:00:00,East,Rural,Rail,Carrier-C,564.33,30.17,Storm,High,3.2,3.92,2.29,2.59,18.06,27.92,9.86,1
2026-05-10 21:00:00,North,Tier-2 City,Air,Carrier-A,444.58,34.42,Cloudy,Low,4.45,2.7,4.39,3.87,14.98,19.67,4.69,1
2026-05-11 00:00:00,South,Industrial,Road,Carrier-B,521.07,7.06,Cloudy,Low,4.28,2.52,1.11,3.69,17.57,21.82,4.25,0
2026-05-11 03:00:00,North,Industrial,Air,Carrier-A,586.69,15.04,Clear,Low,4.77,4.01,8.0,1.93,16.23,23.68,7.45,1
2026-05-11 06:00:00,South,Rural,Air,Carrier-A,633.17,18.38,Rain,Medium,4.27,3.04,5.34,2.4,16.68,23.19,6.51,1
2026-05-11 09:00:00,South,Industrial,Air,Carrier-C,1059.94,34.03,Clear,High,3.7,3.62,1.68,3.24,23.37,29.88,6.51,1
2026-05-11 12:00:00,South,Metro,Rail,Carrier-A,300.22,13.56,Clear,Medium,4.15,1.58,0.73,2.89,13.11,13.11,0.0,0
2026-05-11 15:00:00,South,Rural,Road,Carrier-D,743.35,13.71,Storm,Medium,4.18,3.7,2.18,2.09,20.7,27.68,6.98,1
2026-05-11 18:00:00,South,Rural,Rail,Carrier-D,574.02,31.94,Rain,High,4.11,4.03,1.9,4.42,18.92,23.15,4.23,1
2026-05-11 21:00:00,East,Industrial,Road,Carrier-D,111.51,14.63,Clear,Medium,4.02,3.1,3.16,2.86,12.3,14.64,2.34,1
2026-05-12 00:00:00,West,Tier-2 City,Air,Carrier-D,720.38,24.5,Cloudy,Low,4.05,3.8,0.32,3.17,18.62,18.62,0.0,1
2026-05-12 03:00:00,East,Tier-2 City,Air,Carrier-A,849.58,4.71,Cloudy,Low,4.36,4.62,0.47,3.71,20.34,23.34,3.0,1
2026-05-12 06:00:00,North,Tier-2 City,Air,Carrier-C,297.13,16.46,Clear,Medium,,4.63,3.1,2.21,12.79,20.71,7.92,1
2026-05-12 09:00:00,West,Tier-2 City,Air,Carrier-C,517.68,3.06,Clear,High,3.42,5.13,1.49,2.2,15.57,21.16,5.59,1
2026-05-12 12:00:00,East,Rural,Road,Carrier-D,71.41,8.5,Clear,Medium,4.6,3.22,1.48,1.39,11.13,14.66,3.53,1
2026-05-12 15:00:00,North,Industrial,Road,Carrier-B,192.71,25.55,Cloudy,Medium,4.75,2.73,3.77,2.63,13.45,22.27,8.82,1
2026-05-12 18:00:00,East,Rural,Rail,Carrier-C,792.49,17.55,Clear,High,3.08,2.73,4.52,1.4,19.79,28.52,8.73,1
2026-05-12 21:00:00,West,Tier-2 City,Air,Carrier-A,398.73,15.13,Cloudy,Low,3.76,2.61,4.69,3.13,13.52,17.3,3.78,0
2026-05-13 00:00:00,East,Tier-2 City,Rail,Carrier-D,231.71,11.26,Clear,Medium,3.66,3.61,3.43,2.79,13.01,16.74,3.73,1
2026-05-13 03:00:00,North,Industrial,Road,Carrier-C,579.66,16.01,,Low,3.46,2.32,2.44,2.33,18.05,23.8,5.75,1
2026-05-13 06:00:00,East,Rural,Rail,Carrier-C,384.17,20.71,Cloudy,High,3.81,4.44,2.19,2.58,15.62,20.33,4.71,1
2026-05-13 09:00:00,North,Rural,Rail,Carrier-D,397.59,26.85,Rain,Medium,4.21,2.13,1.93,3.41,15.22,18.7,3.48,1
2026-05-13 12:00:00,South,Industrial,Rail,Carrier-D,712.22,1.0,Clear,Low,4.06,1.01,0.57,1.31,17.44,20.27,2.83,0
2026-05-13 15:00:00,North,Tier-2 City,Road,Carrier-B,217.95,10.51,Cloudy,Low,3.99,4.73,0.91,2.6,14.24,18.39,4.15,0
2026-05-13 18:00:00,East,Industrial,Air,Carrier-C,284.61,19.43,Rain,Medium,3.26,2.87,4.76,3.19,12.26,16.76,4.5,1
2026-05-13 21:00:00,North,Industrial,Rail,Carrier-C,560.06,17.11,Clear,Medium,3.41,2.32,1.22,1.15,16.41,18.22,1.81,0
2026-05-14 00:00:00,West,Metro,Air,Carrier-D,772.05,21.63,Clear,Medium,3.99,1.94,0.82,3.23,18.41,20.71,2.3,1
2026-05-14 03:00:00,East,Tier-2 City,Rail,Carrier-D,841.92,20.41,Clear,Low,3.45,4.13,4.4,1.31,21.13,27.81,6.68,1
2026-05-14 06:00:00,West,Metro,Rail,Carrier-A,347.08,15.26,Clear,High,3.79,6.36,2.81,2.44,15.78,24.14,8.36,1
2026-05-14 09:00:00,East,Tier-2 City,Road,Carrier-D,763.72,13.26,Clear,High,3.61,3.7,6.57,1.56,20.77,34.49,13.72,1
2026-05-14 12:00:00,North,Tier-2 City,Rail,Carrier-D,316.12,15.79,Clear,Medium,4.27,3.26,5.77,3.7,14.43,20.26,5.83,1
2026-05-14 15:00:00,South,Metro,Air,Carrier-D,994.81,28.34,Clear,Medium,4.09,5.19,0.87,1.9,22.57,25.98,3.41,1
2026-05-14 18:00:00,West,Industrial,Air,Carrier-C,225.22,11.41,Cloudy,High,3.71,1.58,2.44,1.13,9.94,15.57,5.63,1
2026-05-14 21:00:00,South,Rural,Road,Carrier-A,865.4,17.43,Clear,High,3.56,7.25,1.32,2.69,24.24,29.85,5.61,1
2026-05-15 00:00:00,North,Rural,Road,Carrier-D,349.31,19.65,Clear,Medium,3.48,7.25,0.96,2.31,17.29,21.4,4.11,0
2026-05-15 03:00:00,West,Rural,Road,Carrier-D,1043.44,32.04,Cloudy,Medium,4.23,0.5,1.65,1.71,23.65,26.59,2.94,0
2026-05-15 06:00:00,East,Industrial,Road,Carrier-B,673.74,15.3,Clear,Medium,2.83,3.43,3.23,2.96,20.0,22.03,2.03,1
2026-05-15 09:00:00,East,Rural,Air,Carrier-C,255.84,26.63,Clear,High,3.93,3.22,3.6,1.2,11.54,17.36,5.82,1
2026-05-15 12:00:00,East,Industrial,Air,Carrier-A,384.22,29.09,Clear,Medium,3.56,3.18,2.97,2.02,13.59,17.79,4.2,0
2026-05-15 15:00:00,East,Rural,Rail,Carrier-A,723.11,17.43,Clear,Low,4.5,2.87,1.57,2.13,19.18,24.02,4.84,0
2026-05-15 18:00:00,West,Industrial,Road,Carrier-C,793.69,16.1,Cloudy,Low,3.19,4.72,3.25,3.2,22.29,28.35,6.06,1
2026-05-15 21:00:00,North,Rural,Rail,Carrier-B,501.61,15.04,Clear,High,4.17,4.13,1.17,3.57,17.23,20.13,2.9,1
2026-05-16 00:00:00,North,Tier-2 City,Rail,Carrier-B,531.61,15.7,Clear,High,4.92,2.93,2.83,3.43,17.06,22.55,5.49,1
2026-05-16 03:00:00,East,Tier-2 City,Road,Carrier-D,717.17,25.69,Storm,High,3.2,4.04,3.37,2.65,21.04,27.35,6.31,1
2026-05-16 06:00:00,South,Industrial,Rail,Carrier-D,554.27,20.08,Rain,Medium,4.24,4.35,2.1,0.7,17.17,19.9,2.73,1
2026-05-16 09:00:00,South,Tier-2 City,Air,Carrier-D,183.69,20.12,Clear,High,3.37,2.52,2.9,2.96,10.7,17.59,6.89,1
2026-05-16 12:00:00,West,Tier-2 City,Air,Carrier-C,308.63,7.87,Clear,High,3.65,1.83,1.34,3.55,11.91,15.87,3.96,1
2026-05-16 15:00:00,West,Tier-2 City,Air,Carrier-A,581.13,9.29,Cloudy,Medium,4.13,6.57,3.17,3.39,17.66,25.55,7.89,1
2026-05-16 18:00:00,South,Industrial,Rail,Carrier-C,836.03,37.29,Rain,Low,3.55,2.54,2.23,3.4,21.54,23.09,1.55,1
2026-05-16 21:00:00,North,Metro,Air,Carrier-C,940.16,16.4,Rain,High,3.18,4.09,1.36,1.61,20.91,27.69,6.78,1
2026-05-17 00:00:00,North,Tier-2 City,Road,Carrier-D,722.68,11.03,Clear,Low,4.27,,1.82,2.02,19.97,22.01,2.04,0
2026-05-17 03:00:00,East,Industrial,Road,Carrier-C,594.7,30.88,Clear,Medium,2.99,,1.4,4.43,20.34,27.39,7.05,1
2026-05-17 06:00:00,North,Metro,Road,Carrier-A,714.69,20.54,Clear,Medium,4.63,6.24,4.46,1.52,21.46,29.2,7.74,1
2026-05-17 09:00:00,North,Industrial,Road,Carrier-B,346.64,23.2,Rain,Medium,3.66,4.45,1.23,1.8,15.92,21.33,5.41,1
2026-05-17 12:00:00,North,Metro,Air,Carrier-A,480.16,16.76,Rain,Low,3.71,1.22,1.01,3.33,14.1,19.52,5.42,0
2026-05-17 15:00:00,South,Rural,Road,Carrier-B,305.73,15.13,Clear,Medium,4.36,1.5,2.78,2.19,13.95,16.78,2.83,0
2026-05-17 18:00:00,West,Industrial,Road,Carrier-D,195.33,16.47,Cloudy,Low,3.98,2.9,1.74,1.62,12.95,17.43,4.48,0
2026-05-17 21:00:00,East,Metro,Air,Carrier-D,606.72,5.56,Clear,High,,3.9,2.15,3.55,16.74,20.82,4.08,1
2026-05-18 00:00:00,North,Tier-2 City,Air,Carrier-D,568.23,17.21,Cloudy,Low,4.43,0.92,8.16,2.95,15.01,20.5,5.49,1
2026-05-18 03:00:00,East,Rural,Rail,Carrier-C,698.79,20.66,Rain,Medium,3.22,4.81,3.68,2.35,19.9,28.73,8.83,1
2026-05-18 06:00:00,East,Industrial,Rail,Carrier-A,661.99,34.65,Cloudy,High,4.17,2.67,2.11,2.05,18.74,21.68,2.94,1
2026-05-18 09:00:00,North,Industrial,Air,Carrier-B,583.09,18.77,Clear,Low,3.84,5.74,0.33,4.26,17.88,21.79,3.91,0
2026-05-18 12:00:00,East,Tier-2 City,Rail,Carrier-A,664.72,1.0,Cloudy,Low,4.73,6.23,1.45,2.2,19.47,23.49,4.02,1
2026-05-18 15:00:00,West,Industrial,Road,Carrier-D,508.9,17.15,Clear,High,4.15,3.93,1.15,3.7,18.34,25.16,6.82,1
2026-05-18 18:00:00,North,Rural,Road,Carrier-B,627.35,42.66,Rain,Low,3.86,4.16,1.16,3.86,20.81,24.73,3.92,0
2026-05-18 21:00:00,West,Metro,Road,Carrier-C,331.2,25.8,Clear,Low,3.43,1.65,0.81,2.36,14.72,16.54,1.82,0
2026-05-19 00:00:00,North,Rural,Air,Carrier-B,616.12,10.7,Rain,Medium,3.78,4.52,4.6,2.03,16.76,24.78,8.02,1
2026-05-19 03:00:00,West,Rural,Road,Carrier-A,693.79,23.32,Clear,High,4.66,3.55,1.03,3.88,20.87,24.87,4.0,1
2026-05-19 06:00:00,North,Industrial,Rail,Carrier-B,345.88,11.32,Clear,Medium,3.8,1.95,3.93,3.62,14.08,17.75,3.67,1
2026-05-19 09:00:00,East,Metro,Air,Carrier-B,533.48,5.82,Clear,Medium,3.66,3.15,2.87,0.83,14.48,19.5,5.02,0
2026-05-19 12:00:00,North,Rural,Air,Carrier-A,357.86,14.86,Clear,High,4.0,3.6,3.2,2.97,13.36,19.33,5.97,1
2026-05-19 15:00:00,North,Industrial,Road,Carrier-A,383.11,18.82,Clear,Medium,4.01,3.09,1.0,2.52,15.92,18.02,2.1,0
2026-05-19 18:00:00,West,Metro,Rail,Carrier-D,227.52,1.15,Cloudy,Medium,3.51,5.0,3.7,1.4,12.81,18.28,5.47,1
2026-05-19 21:00:00,North,Industrial,Road,Carrier-C,849.1,7.66,Clear,Medium,3.24,2.4,0.91,2.58,21.52,28.27,6.75,1
2026-05-20 00:00:00,West,Metro,Road,Carrier-A,797.08,18.09,Clear,Medium,4.72,6.18,5.46,1.52,22.46,29.16,6.7,1
2026-05-20 06:00:00,West,Rural,Air,Carrier-A,659.73,14.33,Clear,Medium,4.13,1.59,4.29,2.15,16.17,20.51,4.34,1
2026-05-20 09:00:00,South,Tier-2 City,Rail,Carrier-B,1032.77,21.55,Clear,Medium,4.05,6.0,6.1,2.04,24.8,30.28,5.48,1
2026-05-20 12:00:00,East,Rural,Air,Carrier-B,470.8,7.07,Rain,Low,2.93,1.98,2.27,1.96,13.55,18.18,4.63,1
2026-05-20 15:00:00,North,Metro,Rail,Carrier-D,1308.26,24.43,Storm,Medium,4.2,3.58,2.73,2.69,27.69,36.79,9.1,1
2026-05-20 18:00:00,West,Industrial,Air,Carrier-B,460.84,7.35,Clear,Low,3.74,2.76,1.29,1.55,13.64,17.03,3.39,0
2026-05-20 21:00:00,West,Rural,Road,Carrier-A,586.35,32.78,Rain,Medium,4.03,3.06,8.53,4.19,19.6,29.92,10.32,1
2026-05-21 00:00:00,West,Metro,Air,Carrier-A,416.58,2.56,Rain,Low,4.26,,3.34,2.65,14.17,20.99,6.82,1
2026-05-21 03:00:00,West,Industrial,Rail,Carrier-A,616.8,8.17,Storm,Medium,4.03,5.83,1.67,3.82,19.42,27.74,8.32,1
2026-05-21 06:00:00,South,Industrial,Rail,Carrier-A,737.26,21.76,Clear,Medium,3.46,5.37,5.03,2.56,20.76,30.19,9.43,1
2026-05-21 09:00:00,West,Tier-2 City,Rail,Carrier-B,490.38,32.98,Clear,Medium,4.12,2.97,1.81,2.49,16.69,21.89,5.2,0
2026-05-21 12:00:00,East,Tier-2 City,Road,Carrier-B,981.95,20.84,Cloudy,Low,3.89,3.78,0.19,4.07,24.81,30.61,5.8,0
2026-05-21 15:00:00,East,Tier-2 City,Air,Carrier-D,582.18,23.07,,Low,3.89,2.33,1.3,2.25,15.76,18.58,2.82,0
2026-05-21 18:00:00,North,Rural,Air,Carrier-B,590.33,18.16,Rain,High,3.46,2.81,5.02,2.46,16.02,22.6,6.58,1
2026-05-21 21:00:00,North,Industrial,Air,Carrier-B,283.66,8.76,Cloudy,Low,3.29,,2.76,2.97,11.37,16.33,4.96,1
2026-05-22 00:00:00,East,Industrial,Rail,Carrier-D,628.81,13.59,Clear,High,4.08,3.64,3.65,1.51,17.94,25.69,7.75,1
2026-05-22 03:00:00,North,Industrial,Road,Carrier-B,485.15,7.09,Rain,Medium,4.36,3.95,5.38,2.93,17.48,27.72,10.24,1
2026-05-22 06:00:00,South,Tier-2 City,Rail,Carrier-D,361.86,6.49,Rain,Low,4.07,0.63,0.64,2.81,13.28,17.36,4.08,0
2026-05-22 09:00:00,West,Rural,Road,Carrier-B,318.12,21.62,Clear,Medium,3.32,3.51,1.18,3.7,15.73,22.96,7.23,0
2026-05-22 12:00:00,East,Tier-2 City,Rail,Carrier-C,1214.66,7.89,Cloudy,Medium,3.58,5.85,2.3,3.09,27.14,34.85,7.71,1
2026-05-22 15:00:00,West,Metro,Road,Carrier-A,451.5,20.88,Clear,Low,4.18,5.18,4.14,3.7,18.25,23.92,5.67,1
2026-05-22 18:00:00,West,Rural,Air,Carrier-D,141.18,6.28,Cloudy,High,4.3,3.42,1.39,2.25,9.89,11.96,2.07,1
2026-05-22 21:00:00,South,Rural,Air,Carrier-A,338.46,20.67,Cloudy,Low,4.41,1.4,1.51,1.97,11.92,14.33,2.41,0
2026-05-23 00:00:00,South,Tier-2 City,Air,Carrier-B,506.59,13.6,Rain,Medium,2.75,4.27,2.45,4.19,16.03,22.37,6.34,1
2026-05-23 03:00:00,West,Metro,Road,Carrier-C,662.13,30.66,Storm,Medium,3.69,0.5,2.01,1.66,18.51,24.29,5.78,1
2026-05-23 06:00:00,South,Metro,Air,Carrier-D,664.25,20.91,Clear,Medium,3.65,5.25,2.06,1.52,17.85,22.57,4.72,1
2026-05-23 09:00:00,West,Tier-2 City,Road,Carrier-C,695.92,29.12,Clear,High,3.0,3.98,2.21,3.3,21.06,28.98,7.92,1
2026-05-23 12:00:00,South,Tier-2 City,Road,Carrier-C,352.34,11.2,Clear,Low,3.43,6.25,1.13,3.75,17.14,20.69,3.55,0
2026-05-23 15:00:00,North,Industrial,Air,Carrier-C,608.51,18.51,Clear,High,3.64,1.71,3.93,2.76,15.88,24.03,8.15,1
2026-05-23 18:00:00,West,Tier-2 City,Air,Carrier-D,292.22,9.17,Clear,Medium,3.43,4.96,3.13,3.2,13.01,13.89,0.88,1
2026-05-23 21:00:00,West,Metro,Rail,Carrier-B,358.89,14.28,Clear,High,4.05,4.15,4.04,0.92,14.38,21.01,6.63,1
2026-05-24 00:00:00,East,Tier-2 City,Rail,Carrier-A,281.4,15.64,Clear,High,4.47,3.8,4.27,2.15,13.66,22.27,8.61,1
2026-05-24 03:00:00,South,Rural,Rail,Carrier-B,211.02,11.47,Clear,High,3.82,2.25,0.97,0.96,11.49,17.88,6.39,0
2026-05-24 06:00:00,North,Metro,Rail,Carrier-C,796.69,7.06,Clear,Medium,3.2,4.47,0.66,2.98,20.88,26.68,5.8,0
2026-05-24 09:00:00,South,Industrial,Road,Carrier-D,699.04,5.28,Rain,Medium,3.66,4.59,3.74,1.08,19.92,29.39,9.47,1
2026-05-24 15:00:00,South,Metro,Rail,Carrier-A,773.93,1.0,Clear,Medium,4.56,6.26,1.47,1.2,20.58,25.24,4.66,0
2026-05-24 18:00:00,South,Industrial,Road,Carrier-B,530.22,8.49,Cloudy,Medium,3.27,5.09,1.46,2.8,18.58,23.69,5.11,1
2026-05-24 21:00:00,North,Rural,Rail,Carrier-A,721.97,23.65,Rain,Medium,4.57,2.69,1.56,3.57,19.76,25.52,5.76,1
2026-05-25 00:00:00,North,Tier-2 City,Road,Carrier-A,62.06,3.61,Cloudy,Medium,4.14,2.07,3.9,2.15,10.62,15.02,4.4,1
2026-05-25 03:00:00,South,Industrial,Air,Carrier-C,744.4,5.69,Clear,Low,3.47,1.45,7.57,2.78,17.21,23.3,6.09,1
2026-05-25 06:00:00,West,Industrial,Road,Carrier-B,566.05,,Clear,High,3.2,6.51,4.26,3.39,20.64,28.72,8.08,1
2026-05-25 09:00:00,East,Rural,Air,Carrier-D,683.05,12.27,Cloudy,Low,3.95,2.33,1.31,2.3,16.81,17.55,0.74,1
2026-05-25 12:00:00,West,Industrial,Rail,Carrier-C,618.81,20.89,Cloudy,High,3.71,,4.13,1.79,19.41,28.45,9.04,1
2026-05-25 15:00:00,South,Rural,Rail,Carrier-C,263.37,23.78,Clear,Low,3.03,4.29,0.41,3.18,14.23,17.12,2.89,0
2026-05-25 18:00:00,West,Tier-2 City,Road,Carrier-A,130.51,,Clear,Low,4.37,3.99,1.52,3.22,13.35,15.08,1.73,0
2026-05-25 21:00:00,West,Rural,Air,Carrier-A,334.87,4.3,Cloudy,High,4.23,3.84,0.99,3.01,12.87,16.64,3.77,1
2026-05-26 00:00:00,North,Metro,Air,Carrier-D,666.88,15.92,Clear,High,3.77,5.29,1.83,2.8,18.21,25.04,6.83,1
2026-05-26 03:00:00,North,Tier-2 City,Road,Carrier-A,699.42,3.44,Cloudy,Medium,4.5,3.56,2.48,1.34,19.49,25.38,5.89,0
2026-05-26 06:00:00,East,Tier-2 City,Rail,Carrier-B,164.34,40.02,Clear,High,3.03,3.75,9.15,3.64,13.29,22.85,9.56,1
2026-05-26 09:00:00,South,Metro,Rail,Carrier-B,264.91,3.65,Clear,Low,3.92,4.54,4.38,2.28,13.48,15.92,2.44,1
2026-05-26 12:00:00,East,Industrial,Air,Carrier-C,331.96,8.57,Rain,High,4.07,4.08,1.25,2.0,12.71,19.73,7.02,1
2026-05-26 15:00:00,South,Industrial,Rail,Carrier-B,427.1,8.63,Clear,Medium,4.3,2.38,0.55,2.16,14.77,14.77,0.0,1
2026-05-26 18:00:00,East,Tier-2 City,Road,Carrier-C,165.87,4.53,Cloudy,,3.64,4.48,1.26,1.75,12.97,17.34,4.37,0
2026-05-26 21:00:00,East,Rural,Road,Carrier-D,150.27,30.17,Clear,Medium,3.89,3.48,6.63,3.58,13.69,23.49,9.8,1
2026-05-27 00:00:00,North,Industrial,Road,Carrier-C,306.32,39.8,,Low,,4.23,0.29,1.95,15.81,20.74,4.93,0
2026-05-27 03:00:00,East,Metro,Air,Carrier-C,542.43,13.72,Rain,Medium,3.39,2.9,1.57,1.71,15.03,21.03,6.0,0
2026-05-27 06:00:00,East,Metro,Air,Carrier-C,213.05,6.12,Clear,Medium,3.69,1.77,1.19,2.07,10.04,13.56,3.52,0
2026-05-27 09:00:00,South,Metro,Rail,Carrier-D,489.89,1.0,Clear,Low,3.72,6.1,2.54,3.51,17.54,25.85,8.31,1
2026-05-27 12:00:00,North,Industrial,Road,Carrier-C,795.22,15.8,Rain,,3.77,6.62,4.44,3.39,23.22,28.91,5.69,1
2026-05-27 15:00:00,South,Rural,Rail,Carrier-C,181.54,15.15,Rain,Medium,4.25,4.91,3.53,1.22,12.49,17.28,4.79,1
2026-05-27 18:00:00,West,Rural,Air,Carrier-A,466.32,12.14,,Low,4.18,2.92,2.39,3.55,14.62,19.66,5.04,0
2026-05-27 21:00:00,South,Rural,Rail,Carrier-D,786.44,19.99,Clear,Medium,3.53,3.13,0.63,3.72,20.77,24.03,3.26,1
2026-05-28 00:00:00,South,Metro,Rail,Carrier-B,411.25,21.56,Clear,Low,3.33,5.57,1.98,1.74,16.22,22.21,5.99,0
2026-05-28 03:00:00,West,Metro,Road,Carrier-B,370.85,20.91,Cloudy,Low,4.07,2.97,4.98,0.65,15.1,19.72,4.62,0
2026-05-28 06:00:00,South,Metro,Rail,Carrier-A,822.51,15.15,Clear,Medium,4.18,2.63,6.3,2.48,20.45,27.98,7.53,1
2026-05-28 09:00:00,South,Metro,Air,Carrier-B,440.39,8.09,Clear,Low,4.11,6.31,2.48,3.28,15.59,19.37,3.78,1
2026-05-28 12:00:00,East,Industrial,Air,Carrier-D,807.17,23.99,Rain,Low,3.81,3.43,0.65,4.01,19.89,22.74,2.85,1
2026-05-28 15:00:00,North,Industrial,Air,Carrier-C,631.53,18.11,Clear,Medium,3.79,6.23,2.76,1.91,17.91,22.28,4.37,1
2026-05-28 18:00:00,South,Industrial,Air,Carrier-B,430.86,26.0,Clear,Low,3.74,1.4,1.61,4.18,14.08,16.95,2.87,0
2026-05-28 21:00:00,North,Tier-2 City,Rail,Carrier-B,644.72,25.11,Clear,High,3.54,5.08,0.94,0.98,18.94,22.69,3.75,0
2026-05-29 00:00:00,East,Industrial,Road,Carrier-C,603.32,5.2,Clear,High,3.36,7.41,1.22,2.02,20.23,28.29,8.06,1
2026-05-29 03:00:00,East,Metro,Rail,Carrier-B,785.43,5.09,Cloudy,Low,3.38,3.54,0.88,1.98,19.91,24.36,4.45,0
2026-05-29 06:00:00,South,Metro,Road,Carrier-D,377.43,11.2,Rain,Medium,4.7,3.18,3.74,3.37,15.96,23.89,7.93,1
2026-05-29 09:00:00,West,Rural,Road,Carrier-D,530.71,8.49,Clear,Low,3.97,1.75,5.88,3.43,17.31,21.0,3.69,1
2026-05-29 12:00:00,East,Industrial,Road,Carrier-C,504.01,24.8,,Medium,3.73,5.2,3.01,3.51,19.0,21.59,2.59,1
2026-05-29 15:00:00,South,Metro,Rail,Carrier-C,703.08,21.16,Cloudy,Low,3.31,2.34,3.33,1.59,18.59,23.27,4.68,1
2026-05-29 18:00:00,West,Rural,Air,Carrier-A,253.45,27.89,Clear,High,3.83,4.16,2.31,3.51,12.78,23.2,10.42,1
2026-05-29 21:00:00,West,Industrial,Rail,Carrier-B,784.41,21.57,Cloudy,Low,3.72,1.65,1.2,3.09,19.9,24.87,4.97,0
2026-05-30 00:00:00,North,Metro,Road,Carrier-D,641.25,19.88,Storm,Medium,4.39,5.92,3.95,1.3,20.24,27.52,7.28,1
2026-05-30 03:00:00,North,Tier-2 City,Rail,Carrier-B,177.6,28.8,Cloudy,Low,3.62,5.23,2.41,1.19,12.96,17.21,4.25,0
2026-05-30 06:00:00,East,Metro,Air,Carrier-A,834.15,22.23,Clear,Low,3.9,3.45,0.83,3.52,20.04,24.1,4.06,0
2026-05-30 09:00:00,South,Tier-2 City,Road,Carrier-A,1100.86,18.61,Storm,Medium,4.25,1.85,3.28,2.47,24.91,30.08,5.17,1
2026-05-30 12:00:00,West,Metro,Air,Carrier-A,780.48,31.32,Clear,Medium,4.37,5.88,2.04,1.87,20.1,27.29,7.19,1
2026-05-30 15:00:00,West,Industrial,Rail,Carrier-C,891.02,19.04,Storm,High,4.07,3.75,2.85,2.46,21.97,30.46,8.49,1
2026-05-30 18:00:00,East,Industrial,Air,Carrier-B,542.2,15.26,Cloudy,Low,3.92,1.84,1.17,2.83,14.98,17.12,2.14,0
2026-05-30 21:00:00,South,Industrial,Air,Carrier-A,88.01,10.46,Cloudy,Low,4.43,0.86,2.6,2.37,8.19,10.49,2.3,0
2026-05-31 00:00:00,South,Metro,Rail,Carrier-D,50.0,,Storm,,4.25,2.61,2.22,1.5,10.06,17.08,7.02,0
2026-05-31 03:00:00,East,Tier-2 City,Air,Carrier-D,586.32,29.13,Cloudy,Medium,3.6,1.4,7.94,4.36,16.3,23.89,7.59,1
2026-05-31 06:00:00,East,Tier-2 City,Rail,Carrier-C,366.09,17.54,Clear,High,3.16,3.37,3.3,3.39,15.08,19.22,4.14,1
2026-05-31 09:00:00,South,Metro,Rail,Carrier-D,282.21,29.77,Clear,High,3.62,5.42,3.11,2.59,14.96,22.05,7.09,1
2026-05-31 12:00:00,North,Tier-2 City,Air,Carrier-B,503.69,1.0,Cloudy,High,3.33,3.74,2.28,1.99,14.62,17.47,2.85,1
2026-05-31 15:00:00,East,Industrial,Rail,Carrier-A,680.05,17.5,Cloudy,Low,4.48,4.03,1.39,2.88,19.39,22.22,2.83,1
2026-05-31 18:00:00,South,Rural,Air,Carrier-D,142.28,,Clear,Medium,4.1,2.49,0.44,1.69,9.61,13.24,3.63,0
2026-05-31 21:00:00,East,Industrial,Road,Carrier-D,403.29,11.46,Rain,Medium,4.03,3.68,1.5,2.71,16.31,21.7,5.39,1
2026-06-01 00:00:00,West,Rural,Rail,Carrier-A,912.57,39.45,Cloudy,Medium,3.29,6.46,0.63,2.01,23.91,30.94,7.03,1
2026-06-01 03:00:00,West,Industrial,Air,Carrier-D,240.43,17.4,Clear,Medium,4.72,3.06,0.5,2.53,11.46,14.71,3.25,0
2026-06-01 06:00:00,South,Industrial,Rail,Carrier-C,746.14,14.33,Clear,Low,3.19,4.08,0.53,1.58,19.75,26.87,7.12,1
2026-06-01 09:00:00,South,Industrial,Road,Carrier-C,393.97,18.23,Clear,Medium,4.22,1.23,4.73,1.71,14.93,18.78,3.85,1
2026-06-01 12:00:00,East,Metro,Road,Carrier-D,661.91,1.0,Clear,High,3.49,6.58,5.08,3.54,21.05,31.09,10.04,1
2026-06-01 15:00:00,East,Metro,Road,Carrier-B,805.31,11.16,Clear,Low,3.52,2.78,0.91,2.5,21.18,23.21,2.03,0
2026-06-01 18:00:00,North,Tier-2 City,Air,Carrier-C,712.73,26.85,Clear,High,2.73,5.88,0.98,2.96,19.45,28.16,8.71,1
2026-06-01 21:00:00,East,Rural,Rail,Carrier-A,756.38,12.34,Clear,Medium,4.33,3.4,1.45,0.87,19.27,22.55,3.28,0
2026-06-02 00:00:00,North,Metro,Road,Carrier-D,220.59,10.54,Clear,Low,3.61,4.42,3.11,1.96,13.91,20.57,6.66,1
2026-06-02 03:00:00,West,Metro,Air,Carrier-C,809.55,29.79,Cloudy,Low,,4.51,3.96,3.23,20.3,26.04,5.74,1
2026-06-02 06:00:00,North,Metro,Rail,Carrier-B,298.3,30.06,Clear,Low,3.32,2.82,2.14,3.02,14.16,19.89,5.73,0
2026-06-02 09:00:00,West,Rural,Rail,Carrier-D,587.48,22.65,Storm,Medium,4.27,5.22,3.57,0.98,18.17,26.74,8.57,1
2026-06-02 12:00:00,North,Rural,Rail,Carrier-A,587.14,13.9,Rain,Low,4.45,2.36,2.64,2.67,17.22,21.4,4.18,1
2026-06-02 15:00:00,North,Tier-2 City,Road,Carrier-D,646.13,15.84,Cloudy,Medium,4.63,4.75,0.66,2.85,20.2,24.97,4.77,0
2026-06-02 18:00:00,North,Metro,Rail,Carrier-A,607.61,10.76,Storm,High,3.96,3.71,1.9,3.47,18.29,26.6,8.31,1
2026-06-02 21:00:00,East,Tier-2 City,Air,Carrier-A,300.61,9.05,Rain,Medium,4.28,4.1,6.67,1.88,12.27,20.92,8.65,1
2026-06-03 00:00:00,North,Rural,Rail,Carrier-A,169.03,8.6,Clear,Low,3.75,2.81,2.13,0.6,10.97,12.54,1.57,0
2026-06-03 03:00:00,South,Industrial,Rail,Carrier-D,746.81,12.44,Rain,Medium,3.88,3.65,0.75,1.68,19.55,22.46,2.91,1
2026-06-03 06:00:00,East,Tier-2 City,Road,Carrier-A,568.32,8.69,Clear,High,4.02,2.69,3.17,1.52,17.57,22.69,5.12,1
2026-06-03 09:00:00,South,Tier-2 City,Rail,Carrier-B,818.84,3.93,Cloudy,Medium,3.96,3.95,1.08,2.88,20.81,22.15,1.34,1
2026-06-03 12:00:00,North,Tier-2 City,Air,Carrier-D,508.37,19.97,Cloudy,Low,4.36,3.57,4.19,0.5,14.63,20.51,5.88,1
2026-06-03 15:00:00,East,Metro,Road,Carrier-A,154.66,20.11,Clear,Medium,4.55,2.77,3.99,2.29,12.68,15.11,2.43,1
2026-06-03 18:00:00,South,Tier-2 City,Road,Carrier-D,771.19,33.31,Clear,Medium,3.71,3.5,3.21,4.08,22.24,27.57,5.33,1
2026-06-03 21:00:00,East,Tier-2 City,Air,Carrier-B,423.7,11.98,Storm,Medium,4.15,3.78,3.22,2.47,14.06,22.16,8.1,1
2026-06-04 00:00:00,North,Rural,Rail,Carrier-C,608.92,20.66,Clear,Low,3.48,2.58,4.82,3.38,18.05,25.08,7.03,1
2026-06-04 03:00:00,East,Tier-2 City,Rail,Carrier-A,351.66,20.81,Clear,High,4.09,4.11,5.78,1.35,14.6,19.28,4.68,1
2026-06-04 06:00:00,West,Rural,Air,Carrier-B,947.52,15.72,Clear,Low,3.55,1.99,0.74,1.27,19.92,22.04,2.12,0
2026-06-04 09:00:00,West,Industrial,Road,Carrier-A,292.09,,,Low,4.0,7.02,3.07,3.9,17.12,23.06,5.94,0
2026-06-04 12:00:00,North,Metro,Rail,Carrier-B,432.27,24.98,Rain,Low,4.41,5.09,1.43,2.84,16.76,20.79,4.03,0
2026-06-04 15:00:00,West,Rural,Rail,Carrier-C,547.94,20.95,Rain,Medium,3.61,3.99,1.25,2.75,17.66,24.75,7.09,1
2026-06-04 18:00:00,West,Rural,Road,Carrier-B,236.03,15.7,Clear,Medium,3.86,5.34,5.41,1.65,14.58,19.52,4.94,1
2026-06-04 21:00:00,South,Rural,Air,Carrier-A,605.94,14.78,Clear,Low,4.11,0.53,3.32,2.61,15.15,15.15,0.0,0
2026-06-05 00:00:00,North,Industrial,Rail,Carrier-B,939.1,5.69,Clear,Medium,4.66,0.5,2.49,1.41,20.4,25.5,5.1,0
2026-06-05 03:00:00,West,Tier-2 City,Road,Carrier-D,392.48,10.75,Cloudy,Medium,4.46,2.98,1.18,3.39,16.07,18.61,2.54,0
2026-06-05 06:00:00,West,Rural,Road,Carrier-C,622.74,12.4,Rain,Low,3.25,1.43,5.66,4.66,18.93,23.49,4.56,1
2026-06-05 09:00:00,North,Tier-2 City,Rail,Carrier-A,50.0,7.88,Rain,High,4.1,3.95,1.68,2.76,10.63,15.8,5.17,1
2026-06-05 12:00:00,North,Industrial,Rail,Carrier-A,509.88,21.96,Clear,Medium,4.13,3.89,0.79,2.18,16.94,22.02,5.08,0
2026-06-05 15:00:00,North,Rural,Road,Carrier-D,438.61,28.77,Cloudy,Low,4.05,4.88,1.93,0.81,17.15,18.12,0.97,1
2026-06-05 18:00:00,South,Metro,Road,Carrier-D,307.19,9.83,Clear,High,3.75,2.59,3.71,1.07,13.92,23.5,9.58,1
2026-06-05 21:00:00,East,Metro,Rail,Carrier-B,801.18,20.55,Cloudy,High,3.95,4.9,2.05,3.9,21.84,27.21,5.37,1
2026-06-06 00:00:00,West,Metro,Air,Carrier-C,435.18,8.69,Cloudy,Medium,4.01,3.6,2.45,1.57,13.72,18.07,4.35,0
2026-06-06 03:00:00,South,Rural,Rail,Carrier-A,473.86,,Cloudy,High,3.74,4.82,1.77,2.24,16.71,20.36,3.65,1
2026-06-06 06:00:00,North,Rural,Road,Carrier-B,421.93,11.79,Cloudy,Medium,3.41,2.8,1.53,2.99,16.27,20.5,4.23,1
2026-06-06 09:00:00,North,Rural,Air,Carrier-A,50.0,23.42,Storm,Medium,4.03,5.65,7.66,3.91,10.75,21.19,10.44,1
2026-06-06 12:00:00,East,Metro,Rail,Carrier-C,225.68,11.89,Clear,High,3.35,4.14,2.26,2.3,13.02,16.24,3.22,1
2026-06-06 15:00:00,East,Rural,Road,Carrier-B,769.88,27.1,Clear,High,4.5,6.96,5.64,2.48,23.04,37.22,14.18,1
2026-06-06 18:00:00,North,Rural,Road,Carrier-D,50.0,15.79,Clear,Low,4.35,2.31,0.25,2.61,11.07,11.07,0.0,0
2026-06-06 21:00:00,West,Tier-2 City,Road,Carrier-A,320.76,12.15,Cloudy,Medium,4.53,4.69,4.5,1.97,15.43,20.58,5.15,1
2026-06-07 00:00:00,East,Tier-2 City,Rail,Carrier-A,416.07,6.72,Cloudy,Medium,4.11,3.49,1.22,1.89,14.97,19.92,4.95,1
2026-06-07 03:00:00,North,Metro,Air,Carrier-C,973.34,20.28,Cloudy,Low,3.4,3.01,3.51,2.98,21.45,30.2,8.75,1
2026-06-07 06:00:00,East,Industrial,Rail,Carrier-B,719.84,26.06,Rain,High,3.29,5.25,1.82,2.93,20.73,30.36,9.63,1
2026-06-07 09:00:00,East,Rural,Rail,Carrier-D,375.14,20.46,Clear,Medium,4.27,3.13,1.48,4.36,15.52,17.1,1.58,1
2026-06-07 12:00:00,South,Tier-2 City,Road,Carrier-B,859.17,38.15,Cloudy,Medium,3.97,0.5,0.97,3.4,21.96,25.6,3.64,1
2026-06-07 15:00:00,West,Metro,Rail,Carrier-B,327.47,30.87,Rain,Medium,4.25,0.5,4.05,3.81,13.81,16.13,2.32,1
2026-06-07 18:00:00,West,Industrial,Air,Carrier-D,782.37,15.23,Clear,Medium,3.93,5.49,4.09,1.68,19.43,27.2,7.77,1
2026-06-07 21:00:00,North,Metro,Rail,Carrier-A,166.69,15.14,Clear,Low,4.15,5.35,0.88,2.96,13.1,13.1,0.0,0
2026-06-08 00:00:00,East,Metro,Rail,Carrier-B,799.05,22.23,Clear,High,3.86,7.13,0.95,2.12,22.24,26.73,4.49,1
2026-06-08 03:00:00,East,Rural,Rail,Carrier-B,414.41,10.46,Clear,Medium,4.11,3.55,5.23,2.75,15.39,21.6,6.21,1
2026-06-08 06:00:00,South,Tier-2 City,Air,Carrier-A,252.59,28.5,Rain,Medium,,1.64,1.61,3.38,11.6,16.33,4.73,1
2026-06-08 09:00:00,East,Industrial,Road,Carrier-C,463.54,21.25,Rain,Medium,3.76,2.95,2.2,2.71,17.06,21.48,4.42,1
2026-06-08 12:00:00,South,Rural,Air,Carrier-D,592.11,20.31,Cloudy,Low,3.99,3.52,0.86,4.58,17.16,22.82,5.66,1
2026-06-08 15:00:00,East,Industrial,Road,Carrier-A,391.37,24.18,Clear,Low,3.83,1.99,3.19,3.88,16.16,20.95,4.79,1
2026-06-08 18:00:00,South,Rural,Rail,Carrier-D,664.03,33.51,Cloudy,Medium,3.27,6.05,3.61,3.89,20.9,29.48,8.58,1
2026-06-08 21:00:00,South,Industrial,Rail,Carrier-A,368.42,19.54,Rain,Low,4.15,6.86,5.98,3.25,16.69,22.49,5.8,1
2026-06-09 00:00:00,East,Metro,Rail,Carrier-B,681.3,16.98,Clear,Medium,4.31,4.3,4.46,3.99,19.9,29.37,9.47,1
2026-06-09 03:00:00,South,Tier-2 City,Road,Carrier-C,634.98,31.58,Rain,High,4.09,4.28,4.98,1.75,19.91,27.21,7.3,1
2026-06-09 06:00:00,South,Rural,Air,Carrier-A,504.16,26.71,Clear,Medium,4.32,1.64,1.96,3.89,15.08,21.64,6.56,1
2026-06-09 09:00:00,East,Metro,Road,Carrier-B,405.24,15.11,Clear,Medium,4.49,5.9,1.78,1.74,17.1,24.6,7.5,0
2026-06-09 12:00:00,East,Metro,Road,Carrier-A,559.4,18.05,,Medium,4.18,3.69,3.39,2.15,18.39,24.21,5.82,1
2026-06-09 15:00:00,West,Rural,Road,Carrier-D,663.07,19.76,Clear,Low,4.33,3.07,1.64,3.09,19.87,24.57,4.7,0
2026-06-09 18:00:00,East,Rural,Rail,Carrier-B,1056.07,21.26,Rain,High,3.64,5.02,5.3,3.66,25.23,30.46,5.23,1
2026-06-09 21:00:00,East,Metro,Road,Carrier-D,764.25,5.79,Clear,Medium,3.82,2.7,0.92,1.41,20.06,22.66,2.6,0
2026-06-10 00:00:00,South,Industrial,Rail,Carrier-B,773.76,4.12,Clear,Low,3.56,3.72,0.24,1.88,19.77,23.94,4.17,0
2026-06-10 03:00:00,North,Tier-2 City,Road,Carrier-B,1323.01,10.01,Clear,Low,3.08,1.34,2.87,2.5,27.4,34.19,6.79,1
2026-06-10 06:00:00,East,Metro,Rail,Carrier-A,654.15,9.32,Clear,High,4.65,5.93,1.72,2.26,19.45,23.27,3.82,1
2026-06-10 09:00:00,North,Metro,Air,Carrier-B,646.01,12.21,Clear,Low,3.58,,0.58,3.15,17.07,19.1,2.03,0
2026-06-10 12:00:00,South,Industrial,Road,Carrier-D,703.04,23.71,Clear,,3.72,5.32,8.43,5.48,22.36,28.43,6.07,1
2026-06-10 15:00:00,South,Tier-2 City,Air,Carrier-B,257.67,16.48,Cloudy,Low,3.39,3.2,1.99,2.9,11.86,16.04,4.18,1
2026-06-10 18:00:00,North,Rural,Rail,Carrier-C,404.59,19.77,Clear,Low,3.43,3.3,0.44,2.05,15.16,15.16,0.0,0
2026-06-10 21:00:00,North,Industrial,Air,Carrier-C,388.4,6.98,Rain,High,4.12,2.48,1.97,1.32,12.46,19.76,7.3,1
2026-06-11 00:00:00,East,Industrial,Air,Carrier-A,688.38,13.85,Clear,Low,4.93,4.64,1.43,2.25,17.95,23.04,5.09,0
2026-06-11 03:00:00,West,Metro,Air,Carrier-A,474.71,,Rain,Low,3.62,2.19,3.2,1.97,14.17,17.87,3.7,0
2026-06-11 06:00:00,East,Tier-2 City,Rail,Carrier-D,555.94,23.35,Rain,Medium,3.88,2.85,1.61,3.09,17.45,22.91,5.46,1
2026-06-11 09:00:00,West,Tier-2 City,Rail,Carrier-B,802.74,11.48,Clear,High,3.44,4.3,2.21,2.82,20.95,27.23,6.28,1
2026-06-11 12:00:00,West,Tier-2 City,Road,Carrier-A,744.42,19.45,Clear,Medium,4.55,3.76,2.56,2.26,20.97,26.04,5.07,1
2026-06-11 15:00:00,South,Tier-2 City,Air,Carrier-D,477.95,37.79,Storm,Low,4.1,0.94,3.56,4.63,15.0,19.17,4.17,1
2026-06-11 18:00:00,East,Industrial,Air,Carrier-D,345.8,17.84,Cloudy,High,3.78,3.95,2.44,2.01,13.1,19.82,6.72,1
2026-06-11 21:00:00,East,Industrial,Air,Carrier-C,815.17,11.76,Cloudy,Medium,3.53,4.77,6.84,2.37,19.68,25.91,6.23,1
2026-06-12 00:00:00,East,Tier-2 City,Rail,Carrier-D,721.21,16.44,Clear,High,3.83,3.73,3.81,3.08,19.84,23.84,4.0,1
2026-06-12 03:00:00,East,Tier-2 City,Air,Carrier-D,102.37,18.83,Clear,High,4.56,3.96,3.67,3.33,10.35,16.33,5.98,1
2026-06-12 06:00:00,West,Tier-2 City,Road,Carrier-C,438.58,16.64,Cloudy,Medium,3.69,3.82,3.35,3.59,17.3,22.55,5.25,1
2026-06-12 09:00:00,South,Metro,Road,Carrier-A,563.03,17.72,Rain,Medium,4.43,3.39,4.97,2.94,18.57,26.25,7.68,1
2026-06-12 12:00:00,North,Metro,Road,Carrier-A,722.5,5.01,Clear,Medium,3.27,2.03,2.43,3.15,19.8,23.68,3.88,1
2026-06-12 15:00:00,West,Tier-2 City,Rail,Carrier-C,756.63,9.34,Rain,Medium,3.48,3.53,1.29,1.88,19.6,27.79,8.19,1
2026-06-12 18:00:00,East,Industrial,Road,Carrier-B,593.82,16.66,Cloudy,Medium,4.53,5.07,2.95,3.3,19.83,25.8,5.97,1
2026-06-12 21:00:00,North,Metro,Air,Carrier-D,672.16,,Clear,High,4.46,2.72,3.45,3.29,17.31,24.22,6.91,1
2026-06-13 00:00:00,East,Rural,Air,Carrier-A,536.68,12.9,Clear,Medium,3.55,3.02,5.1,3.7,15.68,22.74,7.06,1
2026-06-13 03:00:00,East,Tier-2 City,Air,Carrier-C,344.8,16.41,Clear,Low,3.39,1.43,0.6,1.23,11.64,14.64,3.0,0
2026-06-13 06:00:00,South,Rural,Road,Carrier-A,452.07,18.55,Clear,Medium,3.78,4.99,1.01,1.89,17.46,21.79,4.33,1
2026-06-13 09:00:00,East,Rural,Air,Carrier-C,524.94,26.0,Cloudy,Medium,4.1,3.44,2.28,3.44,15.99,21.37,5.38,1
2026-06-13 12:00:00,North,Industrial,Air,Carrier-D,510.98,17.11,Clear,Medium,4.09,2.3,3.29,0.5,14.01,19.23,5.22,1
2026-06-13 15:00:00,East,Tier-2 City,Road,Carrier-A,50.0,21.59,Clear,High,3.93,4.44,1.08,3.07,12.36,13.5,1.14,1
2026-06-13 18:00:00,North,Industrial,Road,Carrier-C,416.65,13.13,Cloudy,Medium,3.51,1.77,0.98,3.34,15.9,16.24,0.34,0
2026-06-13 21:00:00,West,Metro,Road,Carrier-C,534.61,23.15,Cloudy,Low,2.59,1.95,3.76,2.25,17.46,23.14,5.68,0
2026-06-14 00:00:00,West,Rural,Rail,Carrier-B,446.84,21.38,Cloudy,Medium,3.42,1.39,0.87,2.33,15.01,17.77,2.76,0
2026-06-14 03:00:00,West,Metro,Road,Carrier-A,455.83,25.79,Cloudy,Medium,4.21,,1.15,1.91,16.38,20.23,3.85,0
2026-06-14 06:00:00,North,Metro,Road,Carrier-B,646.88,24.42,Clear,High,4.1,6.34,4.41,2.33,20.99,29.06,8.07,1
2026-06-14 09:00:00,West,Industrial,Air,Carrier-D,239.47,23.3,Cloudy,Medium,3.32,2.48,3.38,2.32,11.29,17.41,6.12,0
2026-06-14 12:00:00,North,Rural,Air,Carrier-D,96.71,17.11,Clear,Medium,3.87,4.28,1.25,2.03,9.92,10.58,0.66,1
2026-06-14 15:00:00,North,Industrial,Road,Carrier-D,429.48,20.2,Clear,Medium,4.35,2.33,2.99,2.06,16.07,20.07,4.0,1
2026-06-14 18:00:00,South,Industrial,Rail,Carrier-A,718.67,27.57,Clear,Medium,3.69,4.72,2.59,2.6,20.4,23.28,2.88,1
2026-06-14 21:00:00,East,Industrial,Rail,Carrier-A,958.76,12.13,Cloudy,Low,4.28,1.96,1.78,2.24,21.8,25.74,3.94,1
2026-06-15 00:00:00,East,Industrial,Rail,Carrier-A,723.35,12.34,Cloudy,High,4.22,4.36,2.02,3.97,20.35,23.66,3.31,1
2026-06-15 03:00:00,East,Rural,Air,Carrier-C,138.25,19.63,Clear,High,4.1,4.38,3.27,2.32,10.69,17.09,6.4,1
2026-06-15 06:00:00,North,Industrial,Air,Carrier-D,459.58,21.74,Rain,Medium,3.92,7.07,1.17,2.96,16.47,19.3,2.83,1
2026-06-15 09:00:00,West,Tier-2 City,Rail,Carrier-D,586.72,10.58,Rain,Medium,3.94,4.53,3.26,1.97,17.85,23.27,5.42,1
2026-06-15 12:00:00,South,Industrial,Road,Carrier-B,566.17,17.33,Clear,Low,4.1,2.61,2.17,2.11,17.96,22.29,4.33,0
2026-06-15 15:00:00,East,Industrial,Road,Carrier-D,660.22,17.15,Cloudy,Medium,3.54,4.61,2.67,1.22,19.79,25.48,5.69,1
2026-06-15 18:00:00,North,Industrial,Road,Carrier-A,281.57,1.0,Clear,Medium,4.12,6.79,0.99,0.97,15.17,15.72,0.55,0
2026-06-15 21:00:00,South,Rural,Rail,Carrier-A,536.89,16.02,Storm,Medium,4.04,1.14,6.07,1.59,15.68,22.83,7.15,1
2026-06-16 00:00:00,South,Metro,Rail,Carrier-B,629.28,16.58,Clear,Low,3.75,2.24,1.01,2.72,17.82,17.82,0.0,0
2026-06-16 03:00:00,West,Industrial,Air,Carrier-B,734.67,16.56,Clear,Medium,4.1,3.22,1.41,3.43,18.42,19.45,1.03,1
2026-06-16 06:00:00,South,Metro,Air,Carrier-C,310.51,30.74,Clear,Low,3.69,2.87,1.6,1.45,12.32,14.57,2.25,0
2026-06-16 09:00:00,North,Metro,Air,Carrier-D,430.26,7.06,Clear,Medium,3.74,3.08,3.25,1.92,13.5,18.95,5.45,1
2026-06-16 12:00:00,West,Rural,Air,Carrier-C,50.0,10.58,Cloudy,Medium,3.55,1.62,2.61,1.34,7.67,11.86,4.19,1
2026-06-16 15:00:00,North,Tier-2 City,Road,Carrier-C,358.42,1.0,Cloudy,Low,4.02,5.61,0.46,2.01,16.03,19.46,3.43,0
2026-06-16 18:00:00,East,Tier-2 City,Road,Carrier-A,383.65,13.67,Clear,Medium,3.91,1.45,2.08,3.36,15.33,18.63,3.3,0
2026-06-16 21:00:00,North,Industrial,Road,Carrier-D,254.91,14.44,Cloudy,High,4.05,4.0,2.7,2.16,14.37,19.64,5.27,1
2026-06-17 00:00:00,North,Industrial,Rail,Carrier-A,563.06,13.41,Rain,Medium,4.13,5.15,5.66,2.46,18.07,24.39,6.32,1
2026-06-17 03:00:00,North,Metro,Road,Carrier-C,505.45,27.97,Rain,Low,3.48,3.45,1.78,3.99,18.49,22.31,3.82,1
2026-06-17 06:00:00,South,Tier-2 City,Road,Carrier-A,50.0,25.75,Cloudy,Medium,3.63,2.11,3.18,3.14,11.45,13.55,2.1,0
2026-06-17 09:00:00,West,Rural,Rail,Carrier-B,576.03,18.7,Clear,Medium,4.29,1.56,4.67,2.01,16.62,20.44,3.82,1
2026-06-17 12:00:00,North,Industrial,Air,Carrier-B,278.64,14.66,Clear,Medium,3.53,3.24,0.94,2.65,12.02,15.22,3.2,0
2026-06-17 15:00:00,East,Rural,Rail,Carrier-C,646.28,27.24,Rain,Medium,3.86,2.44,3.95,2.14,18.25,24.15,5.9,1
2026-06-17 18:00:00,West,Metro,Road,Carrier-D,186.72,17.82,Rain,Low,3.78,3.81,3.03,2.93,13.74,23.38,9.64,0
2026-06-17 21:00:00,North,Metro,Air,Carrier-B,527.8,10.64,Cloudy,Medium,3.58,1.48,1.73,2.85,14.5,16.01,1.51,1
2026-06-18 00:00:00,North,Tier-2 City,Rail,Carrier-C,446.38,2.55,Rain,Medium,3.92,4.8,3.98,1.16,15.59,21.65,6.06,1
2026-06-18 03:00:00,North,Industrial,Air,Carrier-C,598.81,14.03,Clear,High,3.85,4.47,1.29,2.65,16.83,19.56,2.73,1
2026-06-18 06:00:00,North,Tier-2 City,Air,Carrier-A,552.42,24.79,Cloudy,Low,4.27,3.78,1.16,2.66,16.21,18.39,2.18,0
2026-06-18 09:00:00,South,Rural,Road,Carrier-D,453.66,38.49,Clear,Medium,4.27,5.74,1.86,3.49,18.95,22.95,4.0,0
2026-06-18 12:00:00,North,Tier-2 City,Rail,Carrier-D,120.57,18.55,Clear,Medium,3.9,2.92,1.55,3.28,11.6,15.98,4.38,0
2026-06-18 15:00:00,East,Rural,Rail,Carrier-B,135.93,11.11,Cloudy,Low,3.8,2.41,3.21,2.83,11.21,13.82,2.61,0
2026-06-18 18:00:00,East,Metro,Air,Carrier-C,368.19,7.34,Clear,Medium,,2.76,2.04,2.12,12.6,16.37,3.77,1
2026-06-18 21:00:00,North,Metro,Road,Carrier-B,517.85,22.97,Storm,Low,4.12,3.21,2.06,3.46,18.22,22.94,4.72,1
2026-06-19 00:00:00,North,Metro,Rail,Carrier-C,361.86,2.12,Clear,Low,3.26,3.36,4.37,1.55,13.94,16.55,2.61,0
2026-06-19 03:00:00,South,Rural,Road,Carrier-D,682.56,22.95,Rain,Medium,4.52,2.33,3.61,1.65,19.39,24.03,4.64,1
2026-06-19 06:00:00,West,Industrial,Rail,Carrier-C,447.4,25.36,Rain,Low,3.39,0.5,0.79,0.5,14.09,15.55,1.46,0
2026-06-19 09:00:00,East,Industrial,Road,Carrier-D,269.1,21.93,Cloudy,Medium,4.01,2.74,0.77,2.63,14.37,17.19,2.82,0
2026-06-19 12:00:00,West,Rural,Road,Carrier-D,447.69,16.02,Storm,Low,4.27,4.04,2.07,1.9,16.91,23.06,6.15,0
2026-06-19 15:00:00,West,Metro,Rail,Carrier-C,578.72,23.08,Clear,Medium,3.51,3.78,0.72,3.03,18.14,21.37,3.23,0
2026-06-19 18:00:00,West,Metro,Rail,Carrier-B,604.47,19.54,Clear,Medium,3.7,5.38,4.11,1.06,18.41,23.92,5.51,1
2026-06-19 21:00:00,West,Metro,Road,Carrier-A,1008.38,11.0,Clear,High,4.19,7.23,1.68,1.93,25.69,29.48,3.79,1
2026-06-20 00:00:00,East,Industrial,Road,Carrier-B,346.08,34.65,Clear,High,4.11,5.44,3.41,3.35,17.22,24.95,7.73,1
2026-06-20 03:00:00,West,Industrial,Road,Carrier-D,500.9,14.83,Rain,Medium,3.77,5.65,3.91,1.71,18.24,23.8,5.56,0
2026-06-20 06:00:00,West,Tier-2 City,Air,Carrier-B,630.79,24.98,Cloudy,,3.76,4.73,0.56,3.08,17.83,22.97,5.14,0
2026-06-20 09:00:00,East,Industrial,Rail,Carrier-A,513.91,1.0,Clear,Low,4.2,,1.13,1.78,17.23,22.37,5.14,0
2026-06-20 12:00:00,South,Metro,Road,Carrier-D,389.84,29.49,Clear,Medium,4.3,6.36,1.79,2.83,17.89,22.03,4.14,1
2026-06-20 15:00:00,North,Industrial,Road,Carrier-B,117.19,31.22,Cloudy,Low,3.77,4.93,2.45,3.37,13.85,15.83,1.98,0
2026-06-20 18:00:00,East,Metro,Air,Carrier-C,387.18,18.27,Rain,Medium,4.13,4.64,4.32,3.37,14.45,21.37,6.92,1
2026-06-20 21:00:00,South,Metro,Road,Carrier-B,240.84,23.03,Clear,Low,3.75,3.19,8.44,2.79,14.28,22.31,8.03,1
2026-06-21 00:00:00,West,Industrial,Air,Carrier-C,71.08,23.03,Rain,High,3.42,4.24,7.0,2.06,9.73,19.1,9.37,1
2026-06-21 03:00:00,West,Rural,Rail,Carrier-A,313.12,12.21,Cloudy,Medium,4.14,3.07,2.14,2.11,13.64,16.44,2.8,0
2026-06-21 06:00:00,North,Industrial,Air,Carrier-D,247.76,22.92,Rain,Medium,3.54,4.51,2.38,3.22,12.62,19.14,6.52,1
2026-06-21 09:00:00,South,Metro,Air,Carrier-C,671.78,10.72,Clear,Medium,3.14,2.5,5.82,1.62,16.46,24.69,8.23,1
2026-06-21 12:00:00,South,Metro,Air,Carrier-C,676.28,12.52,Cloudy,Low,3.31,3.21,1.99,2.34,17.14,20.64,3.5,0
2026-06-21 15:00:00,East,Tier-2 City,Road,Carrier-A,284.99,28.14,Clear,Low,4.6,0.5,1.11,2.52,13.71,13.71,0.0,0
2026-06-21 18:00:00,West,Metro,Air,Carrier-D,452.34,26.77,Clear,High,3.99,6.88,4.51,2.71,16.34,25.19,8.85,1
2026-06-21 21:00:00,East,Metro,Road,Carrier-B,50.0,11.64,Rain,High,3.63,3.97,3.4,1.65,11.36,16.75,5.39,1
2026-06-22 00:00:00,North,Metro,Air,Carrier-C,391.47,11.4,Cloudy,Low,3.93,4.18,0.52,0.97,13.27,15.45,2.18,0
2026-06-22 03:00:00,North,Rural,Rail,Carrier-C,623.74,12.19,Clear,Medium,4.04,5.77,1.66,2.89,19.27,24.08,4.81,1
2026-06-22 06:00:00,South,Industrial,Road,Carrier-D,734.48,24.59,Rain,Medium,4.44,4.03,1.11,3.52,21.54,23.26,1.72,1
2026-06-22 09:00:00,North,Metro,Rail,Carrier-D,334.61,9.0,Clear,Low,3.7,5.67,0.06,0.97,14.61,16.39,1.78,0
2026-06-22 12:00:00,East,Tier-2 City,Road,Carrier-D,793.48,21.21,Cloudy,Medium,3.83,1.72,6.99,2.97,21.0,29.82,8.82,1
2026-06-22 15:00:00,West,Rural,Air,Carrier-D,125.92,24.72,Storm,Low,4.63,7.1,2.94,3.62,12.34,20.13,7.79,1
2026-06-22 21:00:00,North,Metro,Road,Carrier-A,195.62,17.21,Cloudy,Low,4.28,5.13,1.59,3.06,14.48,17.8,3.32,1
2026-06-23 00:00:00,West,Metro,Rail,Carrier-A,704.51,27.09,Rain,Medium,4.11,3.89,1.8,2.47,19.78,21.52,1.74,1
2026-06-23 03:00:00,West,Tier-2 City,Road,Carrier-D,954.49,15.26,Cloudy,,4.25,,2.02,1.78,24.32,30.94,6.62,0
2026-06-23 06:00:00,West,Industrial,Road,Carrier-C,648.29,16.08,Rain,High,3.85,2.55,2.15,2.62,19.17,26.12,6.95,1
2026-06-23 09:00:00,West,Metro,Rail,Carrier-C,509.51,9.2,Cloudy,Medium,,3.15,1.08,2.6,16.38,18.45,2.07,1
2026-06-23 12:00:00,North,Tier-2 City,Rail,Carrier-A,50.0,27.15,,High,4.28,6.47,1.97,2.88,12.36,16.81,4.45,0
2026-06-23 15:00:00,South,Rural,Rail,Carrier-A,50.0,11.1,Clear,Medium,4.52,0.78,5.43,2.3,9.14,14.39,5.25,1
2026-06-23 18:00:00,North,Rural,Road,Carrier-A,553.65,21.15,Rain,High,3.79,5.14,4.82,1.8,18.93,28.78,9.85,1
2026-06-23 21:00:00,South,Industrial,Road,Carrier-B,426.9,,Clear,Medium,3.8,4.38,1.48,2.92,17.18,20.06,2.88,1
2026-06-24 00:00:00,North,Tier-2 City,Rail,Carrier-C,232.48,8.52,Storm,Medium,3.11,6.53,8.22,2.77,14.25,27.97,13.72,1
2026-06-24 03:00:00,North,Industrial,Rail,Carrier-A,537.04,12.52,Clear,Medium,,1.21,2.0,2.64,15.98,16.18,0.2,0
2026-06-24 06:00:00,East,Metro,Rail,Carrier-C,549.93,30.45,Clear,High,3.3,6.71,1.49,2.97,19.26,24.16,4.9,1
2026-06-24 09:00:00,East,Tier-2 City,Rail,Carrier-C,765.55,19.81,Rain,,3.67,2.66,2.88,3.98,20.37,22.16,1.79,1
2026-06-24 12:00:00,East,Tier-2 City,Air,Carrier-C,555.52,8.92,Clear,Medium,3.39,2.91,6.03,1.9,15.14,20.82,5.68,1
2026-06-24 15:00:00,East,Tier-2 City,Rail,Carrier-D,839.38,20.75,Clear,,3.77,2.47,5.61,3.69,21.18,32.19,11.01,1
2026-06-24 18:00:00,North,Rural,Road,Carrier-B,522.08,16.68,Rain,Medium,3.82,,1.55,1.98,17.01,24.43,7.42,1
2026-06-24 21:00:00,South,Industrial,Road,Carrier-A,490.01,49.09,Clear,High,3.8,4.91,1.17,4.18,19.61,25.41,5.8,1
2026-06-25 00:00:00,North,Tier-2 City,Air,Carrier-C,796.72,20.57,Clear,Medium,3.65,1.91,1.59,3.64,18.85,21.78,2.93,1
2026-06-25 03:00:00,South,Rural,Air,Carrier-C,265.61,,Cloudy,Low,3.9,4.61,2.98,2.29,12.33,15.87,3.54,0
2026-06-25 06:00:00,East,Metro,Air,Carrier-D,1251.76,30.78,Clear,Medium,3.97,2.59,3.71,4.21,25.71,32.95,7.24,1
2026-06-25 09:00:00,East,Industrial,Road,Carrier-C,617.57,1.43,Clear,Medium,3.43,1.76,4.75,2.61,17.98,21.43,3.45,1
2026-06-25 12:00:00,West,Metro,Road,Carrier-C,619.02,18.85,Clear,Low,3.63,2.71,2.16,1.92,18.68,20.81,2.13,1
2026-06-25 15:00:00,South,Rural,Rail,Carrier-C,656.52,35.95,Clear,Low,2.79,4.01,2.22,2.7,19.53,26.94,7.41,1
2026-06-25 18:00:00,North,Metro,Rail,Carrier-B,1008.06,16.95,Clear,Low,3.99,3.08,2.1,3.48,23.53,25.67,2.14,1
2026-06-25 21:00:00,East,Metro,Rail,Carrier-C,726.05,2.4,Clear,High,4.59,4.35,4.68,2.99,19.75,26.41,6.66,1
2026-06-26 00:00:00,West,Tier-2 City,Road,Carrier-A,102.69,14.44,Cloudy,High,4.16,5.34,4.24,1.67,12.77,19.73,6.96,1
2026-06-26 03:00:00,East,Tier-2 City,Road,Carrier-B,884.9,31.09,Cloudy,Medium,,5.2,1.27,2.78,24.0,29.34,5.34,0
2026-06-26 06:00:00,West,Tier-2 City,Road,Carrier-B,431.37,,Clear,Low,4.06,3.03,3.2,2.84,16.72,19.34,2.62,1
2026-06-26 09:00:00,North,Industrial,Rail,Carrier-D,547.86,10.45,Clear,Medium,4.58,2.01,4.13,2.03,16.22,21.3,5.08,1
2026-06-26 12:00:00,North,Tier-2 City,Road,Carrier-C,187.39,11.83,Rain,High,3.84,4.41,5.1,4.35,14.35,24.13,9.78,1
2026-06-26 15:00:00,East,Industrial,Air,Carrier-A,656.81,12.96,Cloudy,Medium,3.45,4.29,2.79,2.67,17.49,26.6,9.11,1
2026-06-26 18:00:00,South,Metro,Air,Carrier-A,350.64,21.25,Clear,Low,4.4,1.31,2.32,2.62,12.29,14.4,2.11,0
2026-06-26 21:00:00,East,Metro,Air,Carrier-D,546.04,30.04,Cloudy,Low,4.9,2.16,1.95,3.82,15.95,19.11,3.16,0
2026-06-27 00:00:00,East,Industrial,Air,Carrier-C,446.13,27.47,Clear,High,3.72,3.22,2.59,2.52,14.56,22.75,8.19,1
2026-06-27 03:00:00,West,Metro,Road,Carrier-D,1020.5,22.1,Rain,High,3.6,3.99,7.32,3.5,25.26,35.97,10.71,1
2026-06-27 06:00:00,West,Tier-2 City,Rail,Carrier-A,1035.39,6.02,Rain,Low,4.3,2.36,2.42,1.0,22.39,24.48,2.09,0
2026-06-27 09:00:00,East,Tier-2 City,Air,Carrier-B,532.09,6.05,Rain,High,3.35,5.36,1.95,1.97,15.87,23.53,7.66,1
2026-06-27 12:00:00,South,Metro,Rail,Carrier-A,536.63,22.8,Clear,Low,4.63,1.09,2.47,3.55,16.54,21.26,4.72,1
2026-06-27 15:00:00,East,Tier-2 City,Air,Carrier-C,422.9,5.89,Clear,,3.17,1.13,3.42,3.59,13.07,18.02,4.95,1
2026-06-27 18:00:00,South,Industrial,Rail,Carrier-D,807.56,15.97,Clear,High,4.03,3.8,4.6,1.94,20.61,28.01,7.4,1
2026-06-27 21:00:00,South,Tier-2 City,Air,Carrier-B,434.48,20.74,Clear,Medium,,3.32,0.95,1.95,14.06,14.78,0.72,1
2026-06-28 00:00:00,North,Industrial,Air,Carrier-D,410.45,7.76,Clear,Medium,3.81,1.4,5.69,2.83,12.81,18.63,5.82,1
2026-06-28 03:00:00,North,Industrial,Rail,Carrier-C,774.43,8.78,Cloudy,High,4.02,3.39,4.05,1.9,19.77,29.16,9.39,1
2026-06-28 06:00:00,East,Metro,Rail,Carrier-B,380.04,17.15,Clear,High,3.84,3.7,5.83,2.37,15.05,20.86,5.81,1
2026-06-28 09:00:00,East,Tier-2 City,Road,Carrier-B,510.18,22.53,Rain,Low,,2.91,0.83,3.4,17.95,20.92,2.97,1
2026-06-28 12:00:00,South,Tier-2 City,Rail,Carrier-D,108.86,27.55,Clear,Medium,3.6,3.81,4.48,2.38,11.78,16.57,4.79,1
2026-06-28 15:00:00,South,Industrial,Road,Carrier-A,703.09,23.46,Clear,High,3.54,3.31,1.27,1.15,19.94,23.68,3.74,0
2026-06-28 18:00:00,South,Metro,Road,Carrier-A,1024.63,18.66,Rain,Medium,3.76,5.8,2.11,1.57,25.35,31.99,6.64,1
2026-06-28 21:00:00,East,Tier-2 City,Road,Carrier-D,707.52,11.28,Rain,High,4.04,5.03,4.38,2.46,20.88,30.36,9.48,1
2026-06-29 00:00:00,North,Metro,Air,Carrier-C,900.07,8.36,Clear,Medium,3.84,2.37,0.85,0.9,19.12,22.71,3.59,0
2026-06-29 03:00:00,East,Industrial,Rail,Carrier-B,300.01,13.4,Cloudy,Low,3.6,3.64,1.29,2.26,13.81,14.84,1.03,0
2026-06-29 06:00:00,West,Rural,Rail,Carrier-B,581.44,21.69,Clear,Low,4.35,3.69,0.45,1.57,17.58,17.58,0.0,0
2026-06-29 09:00:00,East,Metro,Air,Carrier-B,274.78,21.03,Clear,High,3.55,6.12,3.94,3.98,13.91,22.17,8.26,1
2026-06-29 12:00:00,West,Tier-2 City,Road,Carrier-D,460.78,1.0,Cloudy,High,3.92,3.4,1.62,3.95,17.09,21.73,4.64,1
2026-06-29 15:00:00,East,Rural,Air,Carrier-D,720.77,10.93,Clear,Low,3.62,4.65,1.94,1.6,18.07,24.8,6.73,1
2026-06-29 18:00:00,North,Rural,Air,Carrier-C,546.47,28.84,Cloudy,Low,3.85,3.56,2.78,3.05,16.28,23.57,7.29,1
2026-06-29 21:00:00,South,Rural,Road,Carrier-B,152.71,18.71,Clear,High,4.53,6.54,3.04,1.85,14.16,23.73,9.57,1
2026-06-30 00:00:00,East,Industrial,Rail,Carrier-C,178.09,5.25,Cloudy,Low,2.88,5.44,2.39,2.07,12.7,15.93,3.23,0
2026-06-30 03:00:00,West,Tier-2 City,Road,Carrier-B,160.9,39.2,Rain,Low,3.68,3.8,2.64,4.51,14.55,20.16,5.61,1
2026-06-30 06:00:00,South,Industrial,Road,Carrier-D,647.78,17.74,Clear,High,4.44,3.91,1.09,2.22,19.68,25.95,6.27,1
2026-06-30 09:00:00,North,Rural,Air,Carrier-D,1056.61,21.46,Clear,High,3.49,5.06,2.17,2.45,23.34,31.69,8.35,1
2026-06-30 12:00:00,East,Tier-2 City,Air,Carrier-D,874.24,21.6,Clear,High,4.2,4.03,2.85,1.93,20.26,26.08,5.82,1
2026-06-30 15:00:00,South,Industrial,Air,Carrier-D,50.0,14.69,Rain,Medium,4.43,6.1,2.67,3.44,10.54,18.36,7.82,1
2026-06-30 18:00:00,South,Industrial,Road,Carrier-D,889.48,11.45,Cloudy,Medium,4.03,3.7,2.09,0.5,22.03,26.43,4.4,1
2026-06-30 21:00:00,North,Tier-2 City,Air,Carrier-B,763.46,37.1,Rain,High,3.99,3.69,1.99,2.67,19.34,26.22,6.88,1
